exposure,method,nsnp,b,se,pval,lo_ci,up_ci,or,or_lci95,or_uci95,PD phenotype
miR-6755-5p,Inverse variance weighted,10,0.213573889,0.05565362,0.000124265,0.104492793,0.322654984,1.238094976,1.110147393,1.380788875,PD both sex
miR-17-3p,Inverse variance weighted,11,0.673808385,0.180372308,0.000187229,0.320278662,1.027338109,1.961693999,1.377511571,2.793619618,PD both sex
miR-513c-5p,Inverse variance weighted,8,-0.257485109,0.070551277,0.000262632,-0.395765611,-0.119204607,0.772993137,0.67316446,0.887626168,PD both sex
miR-6774-5p,Inverse variance weighted,13,0.194462989,0.05836671,0.000863033,0.080064237,0.308861741,1.214658526,1.083356657,1.361874066,PD both sex
miR-6516-3p,Inverse variance weighted,14,0.118423197,0.039686068,0.002845074,0.040638505,0.19620789,1.125720413,1.041475549,1.216779835,PD both sex
miR-6747-5p,Inverse variance weighted,7,-0.222632525,0.074996351,0.002991811,-0.369625372,-0.075639677,0.800408926,0.690993147,0.92715022,PD both sex
miR-548m,Inverse variance weighted,10,-0.147195158,0.052160165,0.004772754,-0.249429081,-0.044961234,0.863125515,0.779245542,0.956034542,PD both sex
miR-5011-5p,Inverse variance weighted,13,-0.12270413,0.043634944,0.004922515,-0.208228621,-0.037179639,0.884525329,0.812021371,0.963503037,PD both sex
miR-466,Inverse variance weighted,9,-0.152196113,0.054221514,0.005001577,-0.25847028,-0.045921946,0.858819838,0.772231981,0.95511651,PD both sex
miR-4781-5p,Inverse variance weighted,12,-0.18538875,0.066085025,0.005026876,-0.314915399,-0.055862101,0.830781255,0.729850618,0.945669534,PD both sex
miR-3186-5p,Inverse variance weighted,6,0.194689351,0.069627483,0.005171433,0.058219484,0.331159219,1.21493351,1.059947612,1.3925815,PD both sex
miR-224-3p,Inverse variance weighted,14,0.124688782,0.044834907,0.005418092,0.036812365,0.212565199,1.132795851,1.037498331,1.236846752,PD both sex
miR-3150b-5p,Inverse variance weighted,8,0.150555764,0.055849355,0.007023086,0.041091028,0.2600205,1.162480128,1.041946948,1.296956674,PD both sex
miR-216a-5p,Inverse variance weighted,17,0.126312504,0.046915449,0.007095182,0.034358224,0.218266784,1.134636692,1.034955287,1.243918881,PD both sex
miR-489-5p,Inverse variance weighted,18,-0.110690535,0.04135156,0.007432534,-0.191739591,-0.029641478,0.895215744,0.825521813,0.970793522,PD both sex
miR-656-5p,Inverse variance weighted,12,0.140603545,0.052570472,0.007482457,0.037565421,0.24364167,1.150968251,1.03827992,1.27588706,PD both sex
miR-3134,Inverse variance weighted,7,-0.179563744,0.067415254,0.007732145,-0.311697641,-0.047429846,0.835634683,0.732202883,0.953677375,PD both sex
miR-374a-3p,Inverse variance weighted,7,-0.195654567,0.074065091,0.008250156,-0.340822146,-0.050486988,0.822296234,0.711185384,0.9507663,PD both sex
miR-512-5p,Inverse variance weighted,9,0.133345553,0.052910966,0.011729235,0.02964006,0.237051046,1.142644775,1.030083699,1.267505817,PD both sex
miR-381-5p,Inverse variance weighted,14,0.134897347,0.054784549,0.013803965,0.02751963,0.242275064,1.1444193,1.027901793,1.274144615,PD both sex
miR-448,Inverse variance weighted,6,0.156990498,0.063850018,0.013942614,0.031844462,0.282136534,1.169984497,1.032356922,1.325959747,PD both sex
miR-196b-5p,Inverse variance weighted,12,0.168365681,0.06856514,0.014066603,0.033978007,0.302753356,1.183369267,1.034561853,1.35358057,PD both sex
miR-3613-5p,Inverse variance weighted,10,0.184389077,0.075650621,0.01479425,0.036113859,0.332664295,1.202483591,1.036773886,1.394679019,PD both sex
miR-1293,Inverse variance weighted,13,-0.110505605,0.045371457,0.014868124,-0.199433661,-0.02157755,0.895381311,0.819194564,0.97865358,PD both sex
miR-3167,Inverse variance weighted,13,0.105869157,0.04380612,0.015659065,0.020009161,0.191729153,1.111676412,1.020210686,1.211342384,PD both sex
miR-181b-3p,Inverse variance weighted,10,-0.12702095,0.052614476,0.015770558,-0.230145322,-0.023896578,0.880715221,0.794418148,0.976386685,PD both sex
miR-181a-3p,Inverse variance weighted,18,0.134797075,0.05596472,0.016013485,0.025106224,0.244487926,1.144304553,1.025424039,1.276967244,PD both sex
miR-887-3p,Inverse variance weighted,14,0.111810947,0.046595383,0.016412355,0.020483997,0.203137898,1.118301423,1.020695233,1.225241415,PD both sex
miR-491-5p,Inverse variance weighted,11,0.187216875,0.078450674,0.017012945,0.033453553,0.340980196,1.205888784,1.034019416,1.40632539,PD both sex
miR-6716-5p,Inverse variance weighted,5,0.230343069,0.096696991,0.017213658,0.040816967,0.419869172,1.259031871,1.04166143,1.521762453,PD both sex
miR-4317,Inverse variance weighted,7,-0.198676584,0.08356998,0.017436689,-0.362473744,-0.034879424,0.819814992,0.695952586,0.965721852,PD both sex
miR-4802-5p,Inverse variance weighted,9,0.138467882,0.058372512,0.017685298,0.024057758,0.252878006,1.148512793,1.02434948,1.287726172,PD both sex
miR-4999-5p,Inverse variance weighted,14,0.13280856,0.056090136,0.017895641,0.022871893,0.242745226,1.142031346,1.023135461,1.274743811,PD both sex
miR-382-3p,Inverse variance weighted,11,0.154767543,0.065521588,0.018172489,0.02634523,0.283189857,1.167386563,1.026695333,1.327357145,PD both sex
miR-5007-5p,Inverse variance weighted,20,0.095160446,0.040336443,0.01831596,0.016101019,0.174219874,1.099835306,1.016231339,1.190317257,PD both sex
miR-412-5p,Inverse variance weighted,12,0.119364073,0.050902872,0.019030249,0.019594444,0.219133701,1.126780074,1.019787676,1.244997724,PD both sex
miR-494-5p,Inverse variance weighted,11,-0.133988095,0.057378191,0.019534301,-0.246449349,-0.021526841,0.874600477,0.781570948,0.978703208,PD both sex
miR-6130,Inverse variance weighted,10,0.147003396,0.063662814,0.020938388,0.022224281,0.271782511,1.158357897,1.02247308,1.312301559,PD both sex
miR-4734,Inverse variance weighted,6,-0.19456704,0.084284931,0.020974456,-0.359765505,-0.029368576,0.823190989,0.697839947,0.97105849,PD both sex
miR-6851-5p,Inverse variance weighted,7,-0.194125152,0.084319049,0.021319994,-0.359390488,-0.028859816,0.823554828,0.698101698,0.971552651,PD both sex
miR-1273a,Inverse variance weighted,7,0.290010375,0.127328369,0.02274701,0.040446772,0.539573978,1.336441353,1.041275883,1.715275961,PD both sex
miR-1285-5p,Inverse variance weighted,10,-0.504848851,0.222420828,0.023220251,-0.940793673,-0.068904028,0.603596802,0.390317928,0.933416257,PD both sex
miR-125b-2-3p,Inverse variance weighted,10,-0.131431766,0.057975346,0.023388481,-0.245063445,-0.017800087,0.876839103,0.782654881,0.982357399,PD both sex
miR-548e-3p,Inverse variance weighted,9,0.145985638,0.06481946,0.024310368,0.018939496,0.273031781,1.157179569,1.019119985,1.313942002,PD both sex
miR-6861-3p,Inverse variance weighted,8,-0.180092644,0.080770304,0.025768109,-0.33840244,-0.021782848,0.835192832,0.712908327,0.978452685,PD both sex
miR-151a-3p,Inverse variance weighted,10,-0.426129736,0.192397449,0.026770988,-0.803228737,-0.049030736,0.653031615,0.447880539,0.952151864,PD both sex
miR-924,Inverse variance weighted,12,0.113234267,0.051319615,0.027352368,0.012647821,0.213820712,1.119894256,1.012728143,1.238400605,PD both sex
miR-6769a-5p,Inverse variance weighted,12,0.159626246,0.072346759,0.027355661,0.017826597,0.301425894,1.173072348,1.01798644,1.351784936,PD both sex
miR-6775-3p,Inverse variance weighted,7,0.288188713,0.13219114,0.029250717,0.029094079,0.547283347,1.334009025,1.029521446,1.72855076,PD both sex
miR-6795-3p,Inverse variance weighted,11,-0.334201719,0.153451238,0.029413353,-0.634966145,-0.033437292,0.715909355,0.529953429,0.967115555,PD both sex
miR-4506,Inverse variance weighted,12,0.12177382,0.056213854,0.03029133,0.011594666,0.231952974,1.129498603,1.011662144,1.261060425,PD both sex
miR-548v,Inverse variance weighted,9,-0.117309219,0.054287319,0.030703418,-0.223712364,-0.010906074,0.889310159,0.79954508,0.989153182,PD both sex
miR-4756-5p,Inverse variance weighted,7,0.151913014,0.070643642,0.031522554,0.013451474,0.290374553,1.164058975,1.013542352,1.336928144,PD both sex
miR-3652,Inverse variance weighted,9,-0.135565242,0.063695951,0.033310724,-0.260409307,-0.010721177,0.873222191,0.770736054,0.98933609,PD both sex
miR-134-3p,Inverse variance weighted,11,-0.107994122,0.050822661,0.033593234,-0.207606537,-0.008381707,0.897632873,0.812526673,0.991653322,PD both sex
miR-4300,Inverse variance weighted,10,-0.091683762,0.043221245,0.033899413,-0.176397401,-0.006970123,0.912393637,0.838284782,0.993054112,PD both sex
miR-3614-5p,Inverse variance weighted,10,-0.113039882,0.053373922,0.034184722,-0.217652768,-0.008426996,0.89311504,0.804404708,0.991608412,PD both sex
miR-193a-3p,Inverse variance weighted,5,-0.250735171,0.118399843,0.03420061,-0.482798864,-0.018671478,0.778228442,0.617053923,0.981501754,PD both sex
miR-155-3p,Inverse variance weighted,6,0.149903073,0.07128237,0.035470368,0.010189629,0.289616518,1.161721636,1.01024172,1.33591509,PD both sex
miR-554,Inverse variance weighted,8,0.115682091,0.055140024,0.035907837,0.007607643,0.223756539,1.122638918,1.007636655,1.250766469,PD both sex
miR-2114-5p,Inverse variance weighted,7,0.157742849,0.075871304,0.037609588,0.009035093,0.306450605,1.170865067,1.009076033,1.358594358,PD both sex
miR-571,Inverse variance weighted,15,0.088696443,0.042699302,0.037779963,0.005005812,0.172387074,1.092748894,1.005018362,1.188137642,PD both sex
miR-4793-5p,Inverse variance weighted,8,0.198917349,0.095770903,0.037800419,0.011206379,0.386628319,1.220081121,1.011269406,1.472009272,PD both sex
miR-4800-5p,Inverse variance weighted,5,-0.214295969,0.103449342,0.038311501,-0.417056678,-0.011535259,0.807109471,0.658983569,0.988531017,PD both sex
miR-19a-5p,Inverse variance weighted,10,-0.117952806,0.057487678,0.040189799,-0.230628654,-0.005276958,0.888737995,0.794034272,0.994736941,PD both sex
miR-6758-5p,Inverse variance weighted,13,0.102884637,0.05014749,0.040204583,0.004595557,0.201173717,1.108363538,1.004606133,1.222837181,PD both sex
miR-4738-3p,Inverse variance weighted,8,-0.132148994,0.064453333,0.040334671,-0.258477526,-0.005820462,0.876210435,0.772226386,0.994196444,PD both sex
miR-1183,Inverse variance weighted,6,-0.166115574,0.081164757,0.040692796,-0.325198497,-0.00703265,0.846948344,0.722383948,0.992992021,PD both sex
miR-6813-5p,Inverse variance weighted,6,0.155632423,0.076125042,0.040910951,0.006427341,0.304837504,1.168396648,1.006448041,1.356404575,PD both sex
miR-5195-5p,Inverse variance weighted,17,0.117313012,0.057527607,0.041425361,0.004558903,0.230067122,1.124471348,1.00456931,1.258684492,PD both sex
miR-15b-5p,Inverse variance weighted,13,0.486354314,0.239635786,0.042401663,0.016668173,0.956040455,1.626376142,1.016807862,2.60137579,PD both sex
miR-567,Inverse variance weighted,9,0.12890745,0.063533271,0.042460786,0.004382239,0.253432661,1.137584836,1.004391855,1.288440615,PD both sex
miR-7853-5p,Inverse variance weighted,11,0.096772713,0.047741578,0.04266127,0.003199219,0.190346206,1.101609963,1.003204342,1.20966832,PD both sex
miR-376b-3p,Inverse variance weighted,6,-0.24904116,0.123102625,0.043069337,-0.490322306,-0.007760015,0.779547886,0.612428973,0.992270016,PD both sex
miR-4433b-5p,Inverse variance weighted,6,-0.12121544,0.060420906,0.044836646,-0.239640416,-0.002790465,0.885843093,0.786910771,0.997213425,PD both sex
miR-490-5p,Inverse variance weighted,2,0.368344671,0.183889378,0.045168973,0.007921491,0.728767851,1.44534012,1.007952949,2.072525374,PD both sex
miR-192-5p,Inverse variance weighted,11,-0.164279861,0.082045441,0.045252118,-0.325088926,-0.003470796,0.848504526,0.722463105,0.996535221,PD both sex
miR-145-3p,Inverse variance weighted,10,0.137957774,0.06892107,0.045319398,0.002872477,0.273043071,1.147927077,1.002876606,1.313956837,PD both sex
miR-5580-3p,Inverse variance weighted,16,0.092466194,0.04619521,0.045323432,0.001923582,0.183008805,1.096876059,1.001925433,1.200824981,PD both sex
miR-4647,Inverse variance weighted,11,-0.09904677,0.049592977,0.045804169,-0.196249004,-0.001844536,0.905700348,0.821807576,0.998157165,PD both sex
miR-766-3p,Inverse variance weighted,7,-0.297269542,0.149052464,0.046108866,-0.589412372,-0.005126712,0.742843757,0.554653118,0.994886407,PD both sex
miR-1208,Inverse variance weighted,14,0.091624905,0.046156444,0.047133954,0.001158275,0.182091535,1.095953658,1.001158946,1.199724006,PD both sex
miR-3672,Inverse variance weighted,11,-0.09941274,0.050213828,0.047727343,-0.197831843,-0.000993637,0.905368949,0.820507816,0.999006857,PD both sex
miR-138-1-3p,Inverse variance weighted,6,0.134488368,0.068035631,0.048071669,0.00113853,0.267838205,1.143951352,1.001139179,1.307135636,PD both sex
miR-3136-5p,Inverse variance weighted,16,0.080489523,0.040838515,0.048732814,0.000446032,0.160533013,1.083817491,1.000446132,1.174136534,PD both sex
miR-4774-5p,Inverse variance weighted,15,0.082452677,0.041905213,0.049114133,0.00031846,0.164586894,1.085947282,1.000318511,1.178906004,PD both sex
miR-4428,Inverse variance weighted,14,0.154220003,0.04000002,0.000115494,0.075819964,0.232620043,1.166747547,1.078768339,1.261901919,PD male
miR-6813-3p,Inverse variance weighted,6,0.429862789,0.114986026,0.000185201,0.204490178,0.6552354,1.537046609,1.226899405,1.925595749,PD male
miR-765,Inverse variance weighted,11,-0.208558013,0.059744641,0.000481534,-0.325657509,-0.091458518,0.811753941,0.722052442,0.912599172,PD male
miR-597-5p,Inverse variance weighted,13,-0.147735012,0.044916782,0.001005145,-0.235771905,-0.059698118,0.862659679,0.789960839,0.942048878,PD male
miR-1251-3p,Inverse variance weighted,13,0.115056331,0.039254821,0.003378603,0.038116881,0.19199578,1.121936636,1.038852648,1.211665404,PD male
miR-4680-3p,Inverse variance weighted,2,-0.280887651,0.096527439,0.00361515,-0.470081432,-0.09169387,0.755113167,0.624951375,0.912384415,PD male
miR-6076,Inverse variance weighted,17,-0.110253137,0.038562585,0.004248848,-0.185835804,-0.034670471,0.895607395,0.830409934,0.965923664,PD male
miR-630,Inverse variance weighted,12,0.123289347,0.0432681,0.004379789,0.03848387,0.208094824,1.131211687,1.039233966,1.231329924,PD male
miR-670-3p,Inverse variance weighted,5,-0.432406553,0.15268765,0.004626246,-0.731674347,-0.133138759,0.648945492,0.481102783,0.875343622,PD male
miR-6846-3p,Inverse variance weighted,5,-0.270770874,0.095905143,0.004752916,-0.458744955,-0.082796793,0.762791252,0.632076433,0.920538188,PD male
miR-3690,Inverse variance weighted,11,0.138722231,0.050470178,0.005985074,0.039800682,0.237643779,1.148804953,1.040603343,1.268257333,PD male
miR-4671-3p,Inverse variance weighted,12,-0.111991936,0.041547341,0.00702776,-0.193424724,-0.030559149,0.894051467,0.824131871,0.969903062,PD male
miR-4689,Inverse variance weighted,5,0.245051754,0.091982106,0.007718906,0.064766827,0.425336681,1.277687437,1.066910221,1.530105491,PD male
miR-3924,Inverse variance weighted,5,-0.161646286,0.061308089,0.008373596,-0.28181014,-0.041482432,0.850742071,0.754416905,0.959366189,PD male
miR-4724-3p,Inverse variance weighted,8,-0.142523328,0.055368581,0.010050614,-0.251045748,-0.034000909,0.867167325,0.777986779,0.966570626,PD male
miR-513c-3p,Inverse variance weighted,6,-0.148629005,0.059083824,0.011884287,-0.264433299,-0.03282471,0.861888812,0.76764085,0.967708174,PD male
miR-5586-5p,Inverse variance weighted,6,0.154713153,0.061814939,0.012319982,0.033555871,0.275870434,1.167323069,1.03412522,1.317677127,PD male
miR-4686,Inverse variance weighted,11,0.121033107,0.048361736,0.0123263,0.026244104,0.21582211,1.128662278,1.026591513,1.240881619,PD male
miR-4726-3p,Inverse variance weighted,10,0.219495294,0.090186636,0.014941678,0.042729488,0.396261099,1.245447987,1.043655535,1.486257328,PD male
miR-3940-5p,Inverse variance weighted,10,0.388411017,0.159638436,0.014971529,0.075519682,0.701302352,1.47463576,1.078444454,2.016377031,PD male
miR-4461,Inverse variance weighted,6,0.078375916,0.032390766,0.015533344,0.014890014,0.141861818,1.081529146,1.015001422,1.152417395,PD male
miR-1539,Inverse variance weighted,11,0.178489489,0.073821226,0.015612025,0.033799885,0.323179092,1.195410318,1.034377592,1.381512747,PD male
miR-6774-3p,Inverse variance weighted,10,0.135432162,0.056177451,0.015917913,0.025324358,0.245539965,1.145031516,1.025647744,1.278311371,PD male
miR-4276,Inverse variance weighted,12,0.105526925,0.04380715,0.016000801,0.019664911,0.19138894,1.111296026,1.019859539,1.21093034,PD male
miR-6776-3p,Inverse variance weighted,7,0.161185036,0.067379289,0.016747509,0.02912163,0.293248442,1.174902348,1.029549811,1.340775855,PD male
miR-4473,Inverse variance weighted,12,-0.110320057,0.046300095,0.017185367,-0.201068244,-0.01957187,0.895547463,0.817856616,0.980618416,PD male
miR-1307-3p,Inverse variance weighted,9,-0.333273712,0.139986931,0.017277491,-0.607648096,-0.058899327,0.716574033,0.544630282,0.942801679,PD male
miR-4427,Inverse variance weighted,7,-0.154044322,0.064714522,0.017295397,-0.280884786,-0.027203858,0.857234025,0.75511533,0.973162834,PD male
miR-4790-3p,Inverse variance weighted,11,-0.1338922,0.056285376,0.017368639,-0.244211538,-0.023572863,0.87468435,0.783321915,0.976702807,PD male
miR-6741-3p,Inverse variance weighted,3,0.360395467,0.151600823,0.01744151,0.063257854,0.657533079,1.433896361,1.065301497,1.930025238,PD male
miR-4769-3p,Inverse variance weighted,6,0.207723067,0.087450503,0.017533667,0.036320081,0.379126054,1.230872254,1.036987713,1.461007189,PD male
miR-3164,Inverse variance weighted,7,-0.154161371,0.065052212,0.017797238,-0.281663706,-0.026659035,0.857133694,0.754527385,0.97369318,PD male
miR-4291,Inverse variance weighted,6,0.410149421,0.17486514,0.019000635,0.067413747,0.752885095,1.507042952,1.069737988,2.123116581,PD male
miR-3936,Inverse variance weighted,11,0.098251361,0.042069376,0.019519384,0.015795384,0.180707339,1.103240062,1.01592079,1.198064501,PD male
miR-4707-3p,Inverse variance weighted,13,0.107916998,0.046261811,0.019661546,0.017243847,0.198590148,1.113955281,1.017393381,1.219681975,PD male
miR-346,Inverse variance weighted,9,0.131795066,0.057271668,0.021378845,0.019542597,0.244047534,1.140874491,1.019734804,1.276405002,PD male
miR-98-3p,Inverse variance weighted,9,-0.093747159,0.040758662,0.021445113,-0.173634137,-0.013860181,0.910512948,0.840604387,0.98623543,PD male
miR-302b-5p,Inverse variance weighted,12,-0.09718335,0.042395209,0.021887234,-0.180277961,-0.01408874,0.907389621,0.835038071,0.986010042,PD male
miR-372-3p,Inverse variance weighted,6,0.176837297,0.077686697,0.022828776,0.024571372,0.329103222,1.193436902,1.024875736,1.389721299,PD male
miR-6720-3p,Inverse variance weighted,9,0.125502322,0.055138082,0.022837276,0.017431681,0.233572964,1.133717802,1.017584499,1.263104986,PD male
miR-4304,Inverse variance weighted,14,-0.097745955,0.043028822,0.023108318,-0.182082446,-0.013409463,0.906879263,0.833532616,0.986680043,PD male
miR-5692a,Inverse variance weighted,14,-0.09416326,0.04151312,0.023312321,-0.175528975,-0.012797545,0.910134161,0.839013086,0.987283995,PD male
miR-1,Inverse variance weighted,7,-0.098637031,0.043512919,0.023399711,-0.183922352,-0.013351711,0.906071524,0.832000405,0.986737028,PD male
miR-5689,Inverse variance weighted,11,0.103362801,0.045893525,0.024307703,0.013411493,0.19331411,1.108893644,1.01350183,1.213263832,PD male
miR-6892-5p,Inverse variance weighted,11,0.120910127,0.053821237,0.024671144,0.015420504,0.226399751,1.128523484,1.015540013,1.254076883,PD male
miR-448,Inverse variance weighted,5,0.147016664,0.065456018,0.024701614,0.018722868,0.27531046,1.158373266,1.01889924,1.316939468,PD male
miR-7160-5p,Inverse variance weighted,12,-0.094166784,0.042318829,0.026069519,-0.177111689,-0.011221879,0.910130954,0.837686219,0.988840852,PD male
miR-4743-5p,Inverse variance weighted,13,0.10644004,0.048012506,0.026628338,0.012335528,0.200544551,1.11231123,1.012411925,1.222068055,PD male
miR-548x-3p,Inverse variance weighted,10,-0.097552336,0.044066273,0.026845007,-0.183922232,-0.01118244,0.907054869,0.832000504,0.988879851,PD male
miR-4288,Inverse variance weighted,11,0.087618417,0.0397201,0.02739127,0.009767021,0.165469814,1.091571518,1.009814874,1.179947345,PD male
miR-216a-5p,Inverse variance weighted,14,-0.103946918,0.047345791,0.028128911,-0.196744668,-0.011149167,0.901273138,0.821400336,0.988912754,PD male
miR-3908,Inverse variance weighted,14,-0.105292642,0.048161485,0.028797935,-0.199689153,-0.010896131,0.900061088,0.818985293,0.989163017,PD male
miR-378i,Inverse variance weighted,9,-0.279619031,0.128347269,0.029360428,-0.531179678,-0.028058383,0.756071727,0.587911015,0.972331597,PD male
miR-4278,Inverse variance weighted,7,-0.13092446,0.060405693,0.030202903,-0.249319617,-0.012529302,0.877284042,0.779330846,0.987548863,PD male
miR-4519,Inverse variance weighted,12,0.105235851,0.048870993,0.031291987,0.009448705,0.201022997,1.110972604,1.009493485,1.222652889,PD male
let-7e-5p,Inverse variance weighted,7,0.333268584,0.155747971,0.032371413,0.028002561,0.638534607,1.395522063,1.028398318,1.893703826,PD male
miR-668-5p,Inverse variance weighted,15,-0.087317949,0.041014267,0.033257133,-0.167705912,-0.006929987,0.916385685,0.84560248,0.99309397,PD male
miR-4783-3p,Inverse variance weighted,10,-0.098820398,0.046540411,0.033726664,-0.190039604,-0.007601192,0.905905396,0.826926384,0.992427624,PD male
miR-4774-5p,Inverse variance weighted,14,-0.079484781,0.037487093,0.033978734,-0.152959484,-0.006010079,0.923592076,0.858164491,0.994007945,PD male
miR-2054,Inverse variance weighted,12,0.086953627,0.041152617,0.03460462,0.006294498,0.167612755,1.090846092,1.00631435,1.182478613,PD male
miR-6780a-5p,Inverse variance weighted,27,0.061570245,0.029171822,0.034806123,0.004393475,0.118747016,1.0635052,1.00440314,1.126085001,PD male
miR-4483,Inverse variance weighted,12,-0.110667434,0.052503392,0.035047,-0.213574082,-0.007760786,0.895236425,0.807692322,0.992269252,PD male
miR-1282,Inverse variance weighted,11,-0.077705546,0.03705519,0.035991635,-0.15033372,-0.005077373,0.925236826,0.860420789,0.994935495,PD male
miR-556-5p,Inverse variance weighted,7,-0.132947212,0.063503748,0.036301575,-0.257414558,-0.008479865,0.875511308,0.773047674,0.991555988,PD male
miR-4512,Inverse variance weighted,4,-0.238105872,0.114013431,0.036761591,-0.461572197,-0.014639548,0.788119247,0.630291923,0.985467089,PD male
miR-199a-5p,Inverse variance weighted,9,0.266189212,0.127615216,0.036990073,0.016063388,0.516315035,1.304981953,1.016193098,1.675840842,PD male
miR-660-3p,Inverse variance weighted,6,0.210712327,0.101332218,0.037578685,0.012101181,0.409323474,1.234557156,1.012174696,1.505798729,PD male
miR-4667-5p,Inverse variance weighted,7,0.208185089,0.100728814,0.038754149,0.010756613,0.405613565,1.231441075,1.010814673,1.500222702,PD male
miR-1321,Inverse variance weighted,9,-0.117792943,0.057054039,0.038962232,-0.229618859,-0.005967028,0.888880082,0.79483649,0.99405074,PD male
miR-3134,Inverse variance weighted,7,-0.121603415,0.059216161,0.040019156,-0.237667091,-0.005539739,0.885499475,0.788465135,0.994475577,PD male
miR-125a-5p,Inverse variance weighted,14,0.183972894,0.089938356,0.040801223,0.007693717,0.360252071,1.201983242,1.007723389,1.433690761,PD male
miR-129-2-3p,Inverse variance weighted,7,-0.131817435,0.064448962,0.04082533,-0.2581374,-0.005497471,0.876500999,0.772489085,0.994517613,PD male
miR-8077,Inverse variance weighted,8,0.114391015,0.055994138,0.041061294,0.004642504,0.224139525,1.121190441,1.004653298,1.251245588,PD male
miR-6870-5p,Inverse variance weighted,16,0.120344244,0.058953036,0.041215268,0.004796294,0.235892194,1.127885052,1.004807815,1.266037816,PD male
miR-4491,Inverse variance weighted,12,-0.09691726,0.047485872,0.041253768,-0.189989569,-0.003844951,0.9076311,0.82696776,0.996162432,PD male
miR-1261,Inverse variance weighted,12,0.088241202,0.043279486,0.041463101,0.003413411,0.173068994,1.092251544,1.003419243,1.188948132,PD male
miR-5010-3p,Inverse variance weighted,13,0.092359855,0.045434461,0.042071216,0.003308311,0.181411399,1.096759425,1.003313789,1.198908307,PD male
miR-515-3p,Inverse variance weighted,10,-0.112415482,0.055421727,0.042523029,-0.221042067,-0.003788896,0.893672876,0.801682955,0.996218273,PD male
miR-33a-3p,Inverse variance weighted,6,0.159096367,0.078529537,0.042770624,0.005178475,0.313014258,1.172450926,1.005191907,1.36754103,PD male
miR-606,Inverse variance weighted,8,0.106243762,0.0525659,0.043263859,0.003214598,0.209272926,1.112092929,1.00321977,1.23278141,PD male
miR-2116-5p,Inverse variance weighted,11,0.168489052,0.083421609,0.043411494,0.004982698,0.331995405,1.183515269,1.004995133,1.393746445,PD male
miR-600,Inverse variance weighted,15,0.069942028,0.034737344,0.04406694,0.001856833,0.138027223,1.072446008,1.001858558,1.148006802,PD male
miR-7111-5p,Inverse variance weighted,12,-0.188492663,0.094545241,0.046187375,-0.373801335,-0.003183991,0.82820658,0.688113602,0.996821072,PD male
miR-4690-3p,Inverse variance weighted,7,-0.206699664,0.103883738,0.046621668,-0.410311791,-0.003087538,0.813263865,0.663443362,0.996917223,PD male
miR-2467-3p,Inverse variance weighted,6,0.156134618,0.078509248,0.046729716,0.002256493,0.310012743,1.168983559,1.002259041,1.363442489,PD male
miR-498,Inverse variance weighted,10,-0.091790758,0.046181787,0.046856334,-0.18230706,-0.001274456,0.91229602,0.833345414,0.998726356,PD male
miR-2110,Inverse variance weighted,11,-0.216619931,0.109280523,0.047452684,-0.430809756,-0.002430107,0.805235956,0.649982555,0.997572843,PD male
miR-195-5p,Inverse variance weighted,6,-0.179344911,0.090506815,0.047528227,-0.356738268,-0.001951553,0.835817567,0.699955674,0.99805035,PD male
miR-148a-3p,Inverse variance weighted,12,-0.166578798,0.084162857,0.047788583,-0.331537998,-0.001619599,0.846556107,0.71781888,0.998381712,PD male
miR-518c-3p,Inverse variance weighted,11,0.090283513,0.045712232,0.048263545,0.000687538,0.179879489,1.094484541,1.000687774,1.197073094,PD male
miR-584-5p,Inverse variance weighted,7,-0.12011648,0.060987509,0.04889273,-0.239651998,-0.000580962,0.886817134,0.786901657,0.999419207,PD male
miR-8057,Inverse variance weighted,15,0.081405086,0.041511062,0.049873702,4.34E-05,0.162766768,1.084810249,1.000043406,1.176762199,PD male
miR-4650-3p,Wald ratio,1,-0.383540373,0.159937888,0.016482244,-0.697018634,-0.070062112,0.681444566,0.498068016,0.932335909,PD male
miR-6888-3p,Inverse variance weighted,4,0.287132524,0.076709158,0.00018174,0.136782575,0.437482473,1.332600804,1.146578826,1.548803153,PD female
miR-608,Inverse variance weighted,3,0.407829861,0.109620928,0.000198935,0.192972842,0.622686881,1.503551327,1.212849854,1.863929476,PD female
miR-8053,Inverse variance weighted,9,-0.177434596,0.054164141,0.001053376,-0.283596311,-0.07127288,0.837415768,0.753070589,0.93120775,PD female
miR-125b-1-3p,Inverse variance weighted,13,0.153371599,0.048480637,0.001558501,0.05834955,0.248393648,1.165758093,1.060085484,1.281964475,PD female
miR-4801,Inverse variance weighted,6,-0.25059736,0.088155151,0.004473521,-0.423381456,-0.077813264,0.778335698,0.654828797,0.925137167,PD female
miR-144-5p,Inverse variance weighted,11,0.212371927,0.075559537,0.004944049,0.064275234,0.36046862,1.236607727,1.066385864,1.434001259,PD female
miR-329-5p,Inverse variance weighted,12,-0.146516736,0.054778361,0.007479186,-0.253882323,-0.039151149,0.863711277,0.775783088,0.961605353,PD female
miR-6742-3p,Inverse variance weighted,6,-0.179476573,0.067413097,0.007759949,-0.311606243,-0.047346903,0.835707529,0.732269808,0.953756479,PD female
miR-4684-3p,Inverse variance weighted,6,-0.222433179,0.08646515,0.010096162,-0.391904873,-0.052961486,0.800568499,0.675768395,0.948416539,PD female
miR-4318,Inverse variance weighted,12,-0.17607075,0.069079736,0.010809284,-0.311467033,-0.040674467,0.838558653,0.732371754,0.960141636,PD female
miR-4649-5p,Inverse variance weighted,10,-0.16125394,0.063958065,0.011694046,-0.286611747,-0.035896133,0.851075922,0.750803174,0.964740493,PD female
miR-449b-3p,Inverse variance weighted,11,-0.162876138,0.064601844,0.011694522,-0.289495751,-0.036256525,0.849696427,0.748640974,0.964392871,PD female
miR-6768-3p,Inverse variance weighted,9,-0.146911067,0.058778219,0.012439911,-0.262116376,-0.031705758,0.863370756,0.769421477,0.9687916,PD female
miR-4688,Inverse variance weighted,9,-0.183980576,0.074901016,0.014036961,-0.330786568,-0.037174584,0.831951963,0.718358473,0.963507907,PD female
miR-3976,Inverse variance weighted,12,-0.123826741,0.050875302,0.014936031,-0.223542332,-0.02411115,0.883532908,0.799681039,0.976177202,PD female
miR-3619-3p,Inverse variance weighted,10,-0.137296933,0.056554011,0.015194343,-0.248142796,-0.026451071,0.871711347,0.780248519,0.973895694,PD female
miR-3186-5p,Inverse variance weighted,7,0.171634608,0.072402083,0.017760414,0.029726524,0.313542691,1.187243944,1.030172768,1.368263874,PD female
miR-5196-3p,Inverse variance weighted,9,-0.170527873,0.072636812,0.018890825,-0.312896025,-0.028159722,0.843219586,0.731325948,0.972233068,PD female
miR-22-3p,Inverse variance weighted,8,-0.532322003,0.227261607,0.019163689,-0.977754753,-0.086889253,0.587239813,0.376154712,0.91677862,PD female
miR-6728-5p,Inverse variance weighted,9,-0.144822994,0.061901338,0.019305553,-0.266149617,-0.023496371,0.865175421,0.766324464,0.976777519,PD female
miR-146b-5p,Inverse variance weighted,13,0.310304312,0.132761823,0.01942355,0.050091138,0.570517485,1.363840083,1.051366912,1.76918234,PD female
miR-6788-3p,Inverse variance weighted,5,0.267955968,0.115525642,0.020370641,0.04152571,0.494386226,1.307289577,1.042399962,1.639491654,PD female
miR-5687,Inverse variance weighted,8,-0.128121316,0.0566608,0.023746967,-0.239176484,-0.017066148,0.879746645,0.787275928,0.983078653,PD female
miR-4427,Inverse variance weighted,7,-0.18311661,0.081218682,0.024157697,-0.342305226,-0.023927994,0.832671052,0.710131421,0.976356011,PD female
miR-1297,Inverse variance weighted,9,0.12947715,0.057510543,0.024362509,0.016756486,0.242197814,1.138233103,1.016897664,1.274046192,PD female
miR-6781-3p,Inverse variance weighted,14,0.099978451,0.04441624,0.02438911,0.012922621,0.187034282,1.105147103,1.013006479,1.205668617,PD female
miR-6800-3p,Inverse variance weighted,6,0.222769522,0.099123205,0.024614455,0.02848804,0.417051003,1.24953255,1.028897705,1.517479908,PD female
miR-576-5p,Inverse variance weighted,9,0.12169484,0.054275132,0.024949474,0.015315582,0.228074098,1.129409398,1.015433466,1.256178403,PD female
miR-1277-5p,Inverse variance weighted,6,0.153886845,0.068703524,0.025099474,0.019227938,0.288545751,1.1663589,1.019413986,1.334485402,PD female
miR-6737-5p,Inverse variance weighted,11,-0.125834101,0.056285773,0.02537609,-0.236154217,-0.015513986,0.881761118,0.789658886,0.984605736,PD female
miR-550b-2-5p,Inverse variance weighted,8,0.190289282,0.085430056,0.025918697,0.022846372,0.357732192,1.209599462,1.023109349,1.430082582,PD female
let-7a-5p,Inverse variance weighted,7,-0.774075992,0.347626548,0.025964261,-1.455424026,-0.092727957,0.461129672,0.233301417,0.911441418,PD female
miR-3689d,Inverse variance weighted,10,0.208363555,0.094192843,0.026960073,0.023745583,0.392981527,1.231660865,1.024029754,1.481391024,PD female
miR-6128,Inverse variance weighted,13,-0.104048383,0.047446991,0.028311733,-0.197044485,-0.011052282,0.901181694,0.821154103,0.98900857,PD female
miR-369-3p,Inverse variance weighted,11,0.127602202,0.058217983,0.028393918,0.013494955,0.241709449,1.136100974,1.013586423,1.273424144,PD female
miR-604,Inverse variance weighted,18,-0.083838808,0.038309183,0.028634797,-0.158924808,-0.008752808,0.919579473,0.8530605,0.991285386,PD female
miR-1293,Inverse variance weighted,13,0.100592411,0.046109282,0.029138426,0.010218217,0.190966604,1.105825827,1.010270601,1.210419029,PD female
miR-4293,Inverse variance weighted,12,0.118183496,0.054285945,0.029476452,0.011783044,0.224583947,1.125450608,1.011852738,1.251801792,PD female
miR-4429,Inverse variance weighted,3,1.06657826,0.492015792,0.030176007,0.102227308,2.030929212,2.905420877,1.107635217,7.621164747,PD female
miR-6499-3p,Inverse variance weighted,8,0.134130251,0.062058813,0.030669015,0.012494978,0.255765524,1.143541758,1.012573366,1.291449879,PD female
miR-3978,Inverse variance weighted,14,-0.103289166,0.047872049,0.030958241,-0.197118382,-0.00945995,0.901866147,0.821093425,0.990584655,PD female
miR-6842-5p,Inverse variance weighted,12,0.104568461,0.048519427,0.031147166,0.009470385,0.199666537,1.110231399,1.009515371,1.220995533,PD female
miR-1305,Inverse variance weighted,13,0.101012095,0.046955255,0.031457139,0.008979796,0.193044394,1.106290022,1.009020235,1.212936639,PD female
miR-1271-5p,Inverse variance weighted,7,0.201843572,0.093836941,0.031475938,0.017923167,0.385763977,1.223656579,1.01808475,1.470737502,PD female
miR-541-5p,Inverse variance weighted,10,-0.116626449,0.054388095,0.032005828,-0.223227115,-0.010025783,0.889917561,0.799933152,0.990024308,PD female
miR-374c-5p,Inverse variance weighted,5,-0.213708026,0.101358866,0.034993853,-0.412371404,-0.015044648,0.807584144,0.662078332,0.985067957,PD female
miR-582-5p,Inverse variance weighted,12,0.099560506,0.047879122,0.037579335,0.005717427,0.193403585,1.104685309,1.005733803,1.213372393,PD female
miR-182-5p,Inverse variance weighted,13,-0.153743004,0.074036596,0.03784023,-0.298854732,-0.008631275,0.857492365,0.741667142,0.991405867,PD female
miR-1273e,Inverse variance weighted,7,-0.426713227,0.206935594,0.039202201,-0.832306992,-0.021119462,0.652650688,0.435044484,0.979101992,PD female
miR-449c-5p,Inverse variance weighted,6,0.177889513,0.086645272,0.040065001,0.00806478,0.347714246,1.194693316,1.008097388,1.415827613,PD female
miR-3661,Inverse variance weighted,6,-0.18563718,0.090496152,0.040235135,-0.363009638,-0.008264721,0.83057489,0.695579729,0.991769338,PD female
miR-375,Inverse variance weighted,9,0.08555493,0.042210507,0.04267639,0.002822336,0.168287524,1.089321396,1.002826322,1.183276782,PD female
miR-676-5p,Inverse variance weighted,8,-0.125902333,0.062615513,0.044354926,-0.248628739,-0.003175926,0.881700956,0.779869455,0.996829112,PD female
miR-2110,Inverse variance weighted,12,-0.226322767,0.112804203,0.044820758,-0.447419005,-0.005226529,0.797460666,0.639275992,0.994787105,PD female
miR-624-3p,Inverse variance weighted,11,0.103285333,0.051615656,0.045387367,0.002118648,0.204452018,1.108807743,1.002120894,1.226852588,PD female
miR-7111-5p,Inverse variance weighted,12,0.170748719,0.085612514,0.046104378,0.002948191,0.338549246,1.186192643,1.002952541,1.402910835,PD female
miR-6813-3p,Inverse variance weighted,6,-0.258493777,0.130740822,0.048025057,-0.514745788,-0.002241766,0.772213837,0.597652506,0.997760745,PD female
miR-6754-5p,Inverse variance weighted,9,0.125747408,0.063866821,0.048964533,0.000568439,0.250926377,1.133995694,1.0005686,1.28521546,PD female
miR-620,Inverse variance weighted,12,0.087442883,0.04453761,0.049605608,0.000149167,0.1747366,1.091379927,1.000149178,1.190932484,PD female
miR-558,Wald ratio,1,0.449486887,0.195667047,0.021607204,0.065979475,0.832994299,1.567507671,1.068204793,2.300195913,PD female
miR-4525,Wald ratio,1,0.430198229,0.202024462,0.033218178,0.034230283,0.826166175,1.537562282,1.034822881,2.284543389,PD female
miR-433-3p,Inverse variance weighted,6,-1.160964074,0.348199182,0.000855466,-1.843434471,-0.478493677,0.313184103,0.158272908,0.619716182,PD motor subtypes(binary)
miR-6828-5p,Inverse variance weighted,3,-0.886535492,0.286251772,0.001954582,-1.447588965,-0.325482019,0.41208094,0.235136527,0.722179166,PD motor subtypes(binary)
miR-3152-3p,Inverse variance weighted,10,0.797869879,0.26090953,0.002227952,0.286487201,1.309252557,2.220805303,1.331741123,3.703404595,PD motor subtypes(binary)
miR-376c-3p,Inverse variance weighted,7,1.59983773,0.556015844,0.004010636,0.510046677,2.689628784,4.952228763,1.665368927,14.7262083,PD motor subtypes(binary)
miR-6797-3p,Inverse variance weighted,10,0.567197067,0.200867634,0.004746754,0.173496504,0.960897631,1.763317658,1.189456529,2.614041865,PD motor subtypes(binary)
miR-8069,Inverse variance weighted,82,-0.177452271,0.063492805,0.00519253,-0.301898168,-0.053006374,0.837400966,0.739413357,0.948373967,PD motor subtypes(binary)
miR-6751-3p,Inverse variance weighted,6,0.583881923,0.213413887,0.006220739,0.165590705,1.002173141,1.792985169,1.180089998,2.724195462,PD motor subtypes(binary)
miR-7111-3p,Inverse variance weighted,5,0.782535284,0.289440054,0.006858913,0.215232778,1.349837789,2.187009933,1.240150544,3.856799864,PD motor subtypes(binary)
miR-6857-5p,Inverse variance weighted,10,0.53871993,0.201075097,0.007379882,0.14461274,0.932827121,1.713811659,1.155591969,2.541684679,PD motor subtypes(binary)
miR-3679-5p,Inverse variance weighted,10,0.540679542,0.201872964,0.007399342,0.145008533,0.936350551,1.717173357,1.156049435,2.550655923,PD motor subtypes(binary)
miR-3186-5p,Inverse variance weighted,6,0.58012527,0.216879854,0.007475838,0.155040757,1.005209783,1.786262182,1.167705553,2.732480441,PD motor subtypes(binary)
miR-3975,Inverse variance weighted,4,0.768332374,0.287943977,0.007622712,0.203962178,1.33270257,2.156167573,1.226251773,3.791275741,PD motor subtypes(binary)
miR-6073,Inverse variance weighted,8,0.464125596,0.17793993,0.009098588,0.115363333,0.812887859,1.590622734,1.122281125,2.25440901,PD motor subtypes(binary)
miR-4794,Inverse variance weighted,9,0.424544579,0.162936049,0.009171611,0.105189923,0.743899235,1.52889397,1.11092158,2.104124014,PD motor subtypes(binary)
miR-1238-3p,Inverse variance weighted,9,-0.556659912,0.214364885,0.00941003,-0.976815086,-0.136504738,0.573120142,0.376508338,0.872402187,PD motor subtypes(binary)
miR-576-3p,Inverse variance weighted,10,0.555624757,0.214126949,0.00946355,0.135935937,0.975313577,1.743029614,1.1456085,2.651998685,PD motor subtypes(binary)
miR-4777-5p,Inverse variance weighted,12,0.349650647,0.135776327,0.010018331,0.083529046,0.615772249,1.41857188,1.087116791,1.851085547,PD motor subtypes(binary)
miR-5088-3p,Inverse variance weighted,9,0.579546386,0.225359084,0.010121296,0.137842581,1.021250191,1.785228442,1.147794851,2.776663954,PD motor subtypes(binary)
miR-1185-1-3p,Inverse variance weighted,12,0.445219773,0.173536554,0.010300712,0.105088128,0.785351419,1.560833188,1.110808499,2.193177529,PD motor subtypes(binary)
miR-6509-5p,Inverse variance weighted,13,0.319508451,0.125191408,0.010705747,0.074133292,0.56488361,1.376451005,1.076950344,1.759243013,PD motor subtypes(binary)
miR-3675-3p,Inverse variance weighted,8,-0.448231176,0.176822491,0.011247245,-0.794803258,-0.101659094,0.638757001,0.451670089,0.903337452,PD motor subtypes(binary)
miR-548ba,Inverse variance weighted,9,0.433150819,0.173318105,0.012448577,0.093447333,0.772854305,1.542108782,1.097952776,2.165939691,PD motor subtypes(binary)
miR-4653-5p,Inverse variance weighted,4,0.641372227,0.256785633,0.012500364,0.138072387,1.144672067,1.899085067,1.148058652,3.141411014,PD motor subtypes(binary)
miR-221-5p,Inverse variance weighted,8,0.617743352,0.250259147,0.0135713,0.127235423,1.108251281,1.854737826,1.135684353,3.029056791,PD motor subtypes(binary)
miR-6510-3p,Inverse variance weighted,6,0.581785494,0.236004369,0.0136957,0.119216931,1.044354057,1.789230241,1.12661429,2.841562443,PD motor subtypes(binary)
miR-6888-5p,Inverse variance weighted,12,0.429959041,0.174608204,0.013800228,0.087726961,0.77219112,1.53719456,1.091690008,2.164503749,PD motor subtypes(binary)
miR-518b,Inverse variance weighted,10,-0.377463278,0.15343623,0.013891141,-0.678198289,-0.076728266,0.685598378,0.507530592,0.926141484,PD motor subtypes(binary)
miR-133a-5p,Inverse variance weighted,13,0.511429463,0.211099923,0.015406109,0.097673615,0.925185312,1.66767337,1.102602853,2.522335636,PD motor subtypes(binary)
miR-16-1-3p,Inverse variance weighted,5,0.838701789,0.349483141,0.016402474,0.153714833,1.523688744,2.313361794,1.166158289,4.58912211,PD motor subtypes(binary)
miR-134-5p,Inverse variance weighted,10,0.781018551,0.326393717,0.016717049,0.141286865,1.420750237,2.183695339,1.151754999,4.140225427,PD motor subtypes(binary)
miR-181a-5p,Inverse variance weighted,8,-0.470628102,0.19790799,0.017406134,-0.858527763,-0.082728442,0.624609826,0.423785536,0.92060111,PD motor subtypes(binary)
miR-4706,Inverse variance weighted,9,-0.930878922,0.393252425,0.01792672,-1.701653675,-0.160104168,0.394207081,0.182381675,0.852055027,PD motor subtypes(binary)
miR-223-3p,Inverse variance weighted,8,1.580051121,0.668843577,0.018158866,0.269117709,2.890984533,4.855204008,1.308809191,18.01103333,PD motor subtypes(binary)
miR-4432,Inverse variance weighted,7,0.43962503,0.186788856,0.018592933,0.073518873,0.805731187,1.552125109,1.07628885,2.238332541,PD motor subtypes(binary)
miR-3154,Inverse variance weighted,5,-0.650680563,0.280040248,0.020150957,-1.199559448,-0.101801678,0.521690613,0.301326933,0.90320866,PD motor subtypes(binary)
miR-6505-3p,Inverse variance weighted,7,0.418940656,0.180539976,0.02031455,0.065082304,0.772799008,1.520350129,1.067246859,2.165819925,PD motor subtypes(binary)
miR-668-5p,Inverse variance weighted,12,0.362285,0.156798868,0.02086006,0.054959218,0.669610782,1.436608317,1.056497528,1.953476845,PD motor subtypes(binary)
miR-5197-5p,Inverse variance weighted,9,0.420454063,0.1827365,0.02139863,0.062290523,0.778617603,1.522652779,1.064271496,2.178458688,PD motor subtypes(binary)
miR-622,Inverse variance weighted,16,0.282700058,0.123565128,0.022145513,0.040512407,0.52488771,1.326707167,1.041344229,1.690269037,PD motor subtypes(binary)
miR-6765-5p,Inverse variance weighted,10,0.519689915,0.227952691,0.022618676,0.072902641,0.96647719,1.681506159,1.075625809,2.628667832,PD motor subtypes(binary)
miR-520b,Inverse variance weighted,13,0.343816759,0.150902126,0.022702222,0.048048592,0.639584926,1.410320184,1.049221638,1.895693863,PD motor subtypes(binary)
miR-1207-5p,Inverse variance weighted,27,-0.716400263,0.315759501,0.023279507,-1.335288886,-0.097511641,0.488507593,0.263082164,0.907091782,PD motor subtypes(binary)
miR-6515-3p,Inverse variance weighted,6,-0.618942369,0.27315406,0.023456927,-1.154324325,-0.083560412,0.538513685,0.315270485,0.919835516,PD motor subtypes(binary)
miR-5692a,Inverse variance weighted,10,0.343794967,0.152734063,0.02438944,0.044436203,0.643153731,1.41028945,1.045438278,1.902471311,PD motor subtypes(binary)
miR-3619-5p,Inverse variance weighted,9,-0.435413966,0.195298459,0.025781999,-0.818198945,-0.052628986,0.646996777,0.441225611,0.94873194,PD motor subtypes(binary)
miR-372-5p,Inverse variance weighted,8,0.369241939,0.167086573,0.027113217,0.041752255,0.696731623,1.44663756,1.042636139,2.007181749,PD motor subtypes(binary)
miR-19a-5p,Inverse variance weighted,9,-0.410690496,0.186287162,0.02748149,-0.775813334,-0.045567658,0.663192161,0.460329227,0.955454956,PD motor subtypes(binary)
miR-6801-3p,Inverse variance weighted,8,0.465850021,0.211361163,0.027521011,0.051582141,0.8801179,1.593368009,1.052935672,2.411183969,PD motor subtypes(binary)
miR-146a-3p,Inverse variance weighted,10,0.441819667,0.202364142,0.029014438,0.04518595,0.838453385,1.555535201,1.046222387,2.312787217,PD motor subtypes(binary)
miR-1976,Inverse variance weighted,13,0.499007561,0.228797944,0.02918366,0.050563592,0.947451531,1.647085827,1.051863751,2.579128447,PD motor subtypes(binary)
miR-3614-5p,Inverse variance weighted,9,0.38298285,0.176127426,0.029670263,0.037773095,0.728192605,1.466652876,1.038495566,2.071333504,PD motor subtypes(binary)
miR-299-3p,Inverse variance weighted,4,-0.747221869,0.345359161,0.030494441,-1.424125825,-0.070317914,0.473680673,0.240718802,0.932097446,PD motor subtypes(binary)
miR-181a-3p,Inverse variance weighted,16,-0.444602904,0.205571736,0.030559428,-0.847523507,-0.041682301,0.641078795,0.428474734,0.959174461,PD motor subtypes(binary)
miR-8078,Inverse variance weighted,9,-0.515124609,0.238742979,0.030954787,-0.983060847,-0.047188371,0.597426145,0.374164085,0.953907692,PD motor subtypes(binary)
miR-3191-5p,Inverse variance weighted,14,0.305965586,0.143481266,0.032970466,0.024742305,0.587188867,1.357935573,1.025050936,1.798924285,PD motor subtypes(binary)
miR-4798-3p,Inverse variance weighted,11,-0.394609938,0.186092045,0.033963107,-0.759350347,-0.029869529,0.673942867,0.467970346,0.970572157,PD motor subtypes(binary)
miR-4296,Inverse variance weighted,7,-0.573499356,0.271482079,0.034645649,-1.105604231,-0.041394481,0.563549922,0.331010815,0.95945057,PD motor subtypes(binary)
miR-545-5p,Inverse variance weighted,11,0.427777729,0.202814612,0.034926833,0.030261089,0.825294369,1.533845114,1.03072361,2.28255258,PD motor subtypes(binary)
miR-3939,Inverse variance weighted,13,0.32153503,0.152508123,0.035003828,0.022619108,0.620450952,1.37924332,1.022876859,1.859766517,PD motor subtypes(binary)
miR-5088-5p,Inverse variance weighted,8,-0.467111824,0.222783943,0.03601985,-0.903768353,-0.030455295,0.626809994,0.405040445,0.970003795,PD motor subtypes(binary)
miR-4643,Inverse variance weighted,8,-0.362972374,0.173790615,0.036747221,-0.703601979,-0.022342769,0.69560565,0.494799831,0.977904982,PD motor subtypes(binary)
miR-2114-3p,Inverse variance weighted,10,0.334285778,0.161253492,0.038168073,0.018228934,0.650342622,1.396942302,1.018396095,1.916197249,PD motor subtypes(binary)
miR-1287-3p,Inverse variance weighted,8,0.360801663,0.174105953,0.038236457,0.019553995,0.702049332,1.434478923,1.019746427,2.017883786,PD motor subtypes(binary)
miR-508-5p,Inverse variance weighted,9,0.344568334,0.168648421,0.04104093,0.014017428,0.67511924,1.411380543,1.014116133,1.964267181,PD motor subtypes(binary)
miR-6887-5p,Inverse variance weighted,12,0.558294073,0.274029921,0.041615268,0.021195427,1.095392719,1.747688527,1.021421645,2.990356823,PD motor subtypes(binary)
miR-4262,Inverse variance weighted,14,-0.252411677,0.124943159,0.043361395,-0.497300268,-0.007523086,0.77692483,0.608170342,0.992505142,PD motor subtypes(binary)
miR-4731-5p,Inverse variance weighted,11,0.308836336,0.153257682,0.043889537,0.00845128,0.609221392,1.361839468,1.008487093,1.838998982,PD motor subtypes(binary)
miR-3605-5p,Inverse variance weighted,15,-0.277770415,0.138076546,0.044250174,-0.548400444,-0.007140386,0.757470705,0.577873412,0.992885046,PD motor subtypes(binary)
miR-6739-5p,Inverse variance weighted,9,0.408658129,0.203143942,0.044254967,0.010496001,0.806820256,1.504797185,1.010551278,2.240771566,PD motor subtypes(binary)
miR-6843-3p,Inverse variance weighted,7,0.46665538,0.232281229,0.044536042,0.011384171,0.921926589,1.59465176,1.011449218,2.51412942,PD motor subtypes(binary)
miR-4744,Inverse variance weighted,8,0.344352319,0.171696075,0.044899769,0.007828011,0.680876627,1.411075696,1.00785873,1.975608845,PD motor subtypes(binary)
miR-885-3p,Inverse variance weighted,9,0.433529931,0.216257545,0.044995905,0.009665143,0.857394719,1.542693525,1.009712001,2.357012008,PD motor subtypes(binary)
miR-658,Inverse variance weighted,4,1.924132271,0.961655701,0.045408169,0.039287098,3.808977445,6.849202838,1.040069042,45.10429366,PD motor subtypes(binary)
miR-3661,Inverse variance weighted,7,0.644858247,0.323274226,0.046067796,0.011240764,1.278475731,1.90571687,1.011304178,3.591161656,PD motor subtypes(binary)
miR-548w,Inverse variance weighted,9,-0.40687614,0.204717712,0.046867185,-0.808122855,-0.005629424,0.665726642,0.445693914,0.994386391,PD motor subtypes(binary)
miR-539-5p,Inverse variance weighted,9,0.475386611,0.240340659,0.047932092,0.004318919,0.946454303,1.608635994,1.004328259,2.576557752,PD motor subtypes(binary)
miR-192-5p,Inverse variance weighted,10,0.516895074,0.261448702,0.048036879,0.004455618,1.02933453,1.676813178,1.004465559,2.799202428,PD motor subtypes(binary)
miR-378b,Inverse variance weighted,7,0.442355236,0.224164231,0.048455319,0.002993343,0.881717129,1.55636852,1.002997827,2.415043088,PD motor subtypes(binary)
miR-644a,Inverse variance weighted,22,0.19026332,0.096751772,0.049239736,0.000629848,0.379896792,1.209568059,1.000630046,1.462133678,PD motor subtypes(binary)
miR-1179,Inverse variance weighted,8,0.38581196,0.196572512,0.049681581,0.000529836,0.771094084,1.470808075,1.000529977,2.162130513,PD motor subtypes(binary)
miR-3163,Inverse variance weighted,9,0.33877045,0.172722973,0.049838042,0.000233422,0.677307477,1.403221198,1.000233449,1.968570169,PD motor subtypes(binary)
miR-4777-5p,Inverse variance weighted,12,-0.182503666,0.054446627,0.000802376,-0.289219054,-0.075788277,0.83318159,0.748848149,0.927012455,PD motor subtypes(cont)
miR-3664-5p,Inverse variance weighted,14,-0.170423086,0.052904744,0.001276018,-0.274116383,-0.066729788,0.843307949,0.760243591,0.935447936,PD motor subtypes(cont)
miR-4646-3p,Inverse variance weighted,8,0.266712103,0.08737306,0.002268932,0.095460906,0.4379633,1.305664496,1.100165812,1.549548038,PD motor subtypes(cont)
miR-19a-5p,Inverse variance weighted,9,0.21308045,0.071020532,0.002697444,0.073880207,0.352280692,1.237484202,1.07667782,1.422307698,PD motor subtypes(cont)
miR-6857-5p,Inverse variance weighted,10,-0.229791655,0.079327713,0.003770637,-0.385273972,-0.074309338,0.794699157,0.680264237,0.928384465,PD motor subtypes(cont)
miR-6843-3p,Inverse variance weighted,7,-0.237863907,0.083014328,0.004165675,-0.40057199,-0.075155825,0.788309967,0.669936739,0.927598932,PD motor subtypes(cont)
miR-576-3p,Inverse variance weighted,10,-0.233211375,0.082519593,0.004711364,-0.394949777,-0.071472974,0.791986149,0.673713874,0.931021439,PD motor subtypes(cont)
miR-4639-3p,Inverse variance weighted,13,0.144512487,0.05120162,0.004766268,0.044157312,0.244867662,1.155476124,1.045146756,1.277452247,PD motor subtypes(cont)
miR-124-3p,Inverse variance weighted,7,-0.212252916,0.075764039,0.005086573,-0.360750433,-0.063755398,0.808760124,0.697152963,0.938234465,PD motor subtypes(cont)
miR-4642,Inverse variance weighted,8,0.200037113,0.073757407,0.006685938,0.055472595,0.344601631,1.221448089,1.057040048,1.411427539,PD motor subtypes(cont)
miR-3184-3p,Inverse variance weighted,8,-0.771522587,0.284991749,0.006785844,-1.330106415,-0.212938758,0.462308627,0.264449118,0.808205632,PD motor subtypes(cont)
miR-6794-5p,Inverse variance weighted,9,-0.385633801,0.144939121,0.007798754,-0.669714477,-0.101553124,0.680019503,0.511854703,0.903433184,PD motor subtypes(cont)
miR-508-5p,Inverse variance weighted,9,-0.150575371,0.057774733,0.009153975,-0.263813848,-0.037336894,0.860212892,0.768116513,0.963351533,PD motor subtypes(cont)
miR-3186-5p,Inverse variance weighted,6,-0.218277194,0.083952687,0.009322308,-0.382824459,-0.053729928,0.803902574,0.681932596,0.947688016,PD motor subtypes(cont)
miR-4253,Inverse variance weighted,9,-0.239022485,0.092251189,0.009569854,-0.419834816,-0.058210154,0.787397178,0.657155362,0.943451656,PD motor subtypes(cont)
miR-8069,Inverse variance weighted,82,0.065599932,0.02533933,0.009629474,0.015934845,0.11526502,1.06779944,1.016062482,1.122170795,PD motor subtypes(cont)
miR-302f,Inverse variance weighted,14,0.140458906,0.055861485,0.011923034,0.030970396,0.249947416,1.150801787,1.031454968,1.283957899,PD motor subtypes(cont)
miR-6862-3p,Inverse variance weighted,11,0.205943896,0.082121689,0.012148907,0.044985386,0.366902405,1.228684268,1.046012573,1.443257058,PD motor subtypes(cont)
miR-6502-3p,Inverse variance weighted,13,-0.121855054,0.049828855,0.014466281,-0.21951961,-0.024190498,0.885276676,0.802904412,0.976099747,PD motor subtypes(cont)
miR-3675-3p,Inverse variance weighted,8,0.162241844,0.066906931,0.015313092,0.031104258,0.293379429,1.17614465,1.03159305,1.34095149,PD motor subtypes(cont)
miR-6509-5p,Inverse variance weighted,13,-0.117931432,0.048651067,0.015349524,-0.213287524,-0.02257534,0.888756991,0.807923806,0.977677576,PD motor subtypes(cont)
miR-6877-3p,Inverse variance weighted,6,0.312180745,0.130134194,0.016443774,0.057117725,0.567243765,1.366401641,1.058780448,1.763400002,PD motor subtypes(cont)
miR-584-3p,Inverse variance weighted,12,0.121860355,0.050912562,0.016687465,0.022071733,0.221648976,1.129596348,1.022317116,1.248133176,PD motor subtypes(cont)
miR-3916,Inverse variance weighted,9,-0.154515762,0.064914449,0.017298623,-0.281748083,-0.027283441,0.856829987,0.754463723,0.97308539,PD motor subtypes(cont)
miR-6851-3p,Inverse variance weighted,5,0.245801069,0.103640472,0.017707866,0.042665744,0.448936394,1.278645186,1.043589011,1.566645006,PD motor subtypes(cont)
miR-203b-3p,Inverse variance weighted,10,-0.146051587,0.062780413,0.019997872,-0.269101196,-0.023001977,0.864113125,0.764065931,0.977260552,PD motor subtypes(cont)
miR-6823-5p,Inverse variance weighted,10,0.151968617,0.067124489,0.023575239,0.020404618,0.283532616,1.164123702,1.020614215,1.327812188,PD motor subtypes(cont)
miR-152-3p,Inverse variance weighted,4,-0.379566325,0.167833128,0.023723999,-0.708519255,-0.050613395,0.684158047,0.492372736,0.950646124,PD motor subtypes(cont)
miR-128-3p,Inverse variance weighted,20,0.256168965,0.113669891,0.02421996,0.033375978,0.478961952,1.291971007,1.033939205,1.614397709,PD motor subtypes(cont)
miR-6784-5p,Inverse variance weighted,4,0.312067939,0.13864137,0.024391836,0.040330854,0.583805024,1.366247511,1.041155187,1.792847295,PD motor subtypes(cont)
miR-621,Inverse variance weighted,9,-0.138864882,0.061724812,0.024465348,-0.259845514,-0.01788425,0.87034562,0.771170712,0.982274724,PD motor subtypes(cont)
miR-4435,Inverse variance weighted,6,-0.178132386,0.079665247,0.025351036,-0.334276269,-0.021988502,0.836831632,0.715855986,0.978251483,PD motor subtypes(cont)
miR-5706,Inverse variance weighted,10,-0.156320567,0.070401648,0.026390907,-0.294307798,-0.018333337,0.85528497,0.745047132,0.981833697,PD motor subtypes(cont)
miR-5685,Inverse variance weighted,5,0.231682091,0.105270347,0.027748092,0.025352211,0.438011971,1.260718871,1.025676312,1.549623458,PD motor subtypes(cont)
miR-4709-5p,Inverse variance weighted,9,0.17202699,0.078295025,0.028008755,0.01856874,0.325485239,1.187709889,1.018742211,1.384702395,PD motor subtypes(cont)
miR-4503,Inverse variance weighted,8,0.128670858,0.058697874,0.028373212,0.013623024,0.243718691,1.137315724,1.01371624,1.275985334,PD motor subtypes(cont)
miR-6719-3p,Inverse variance weighted,11,-0.121171015,0.05582451,0.029963682,-0.230587054,-0.011754975,0.885882448,0.794067305,0.988313845,PD motor subtypes(cont)
miR-106a-3p,Inverse variance weighted,13,0.114227454,0.052895061,0.030810563,0.010553134,0.217901774,1.121007074,1.010609015,1.243464921,PD motor subtypes(cont)
miR-5004-3p,Inverse variance weighted,8,0.158653594,0.073833346,0.031649719,0.013940237,0.303366951,1.171931912,1.014037855,1.354411377,PD motor subtypes(cont)
miR-7151-5p,Inverse variance weighted,10,0.130004778,0.060686254,0.032173834,0.01105972,0.248949836,1.138833825,1.011121105,1.282677687,PD motor subtypes(cont)
miR-378b,Inverse variance weighted,7,-0.185405719,0.086855271,0.032789503,-0.35564205,-0.015169387,0.830767158,0.700723399,0.984945088,PD motor subtypes(cont)
miR-644a,Inverse variance weighted,22,-0.079031568,0.037195375,0.033605918,-0.151934502,-0.006128633,0.924010755,0.859044545,0.993890108,PD motor subtypes(cont)
miR-8077,Inverse variance weighted,7,0.160505614,0.075648196,0.033859788,0.01223515,0.308776079,1.174104365,1.012310306,1.36175741,PD motor subtypes(cont)
miR-6770-3p,Inverse variance weighted,18,0.10234508,0.048316177,0.034155061,0.007645373,0.197044788,1.107765674,1.007674673,1.217798582,PD motor subtypes(cont)
miR-4722-5p,Inverse variance weighted,7,0.18077143,0.0853952,0.034269994,0.013396838,0.348146022,1.198141289,1.013486978,1.416439066,PD motor subtypes(cont)
miR-4276,Inverse variance weighted,12,-0.120940136,0.057227301,0.034572588,-0.233105647,-0.008774625,0.886087003,0.79206989,0.991263759,PD motor subtypes(cont)
miR-6758-3p,Inverse variance weighted,12,-0.132062022,0.062589352,0.034860434,-0.254737152,-0.009386893,0.876286644,0.77512021,0.990657026,PD motor subtypes(cont)
miR-4653-5p,Inverse variance weighted,4,-0.205902597,0.098332267,0.036264663,-0.398633839,-0.013171355,0.81391235,0.671236437,0.986915008,PD motor subtypes(cont)
miR-34a-3p,Inverse variance weighted,6,0.171584692,0.082280877,0.037037249,0.010314173,0.33285521,1.187184683,1.010367548,1.39494531,PD motor subtypes(cont)
miR-3975,Inverse variance weighted,4,-0.230108875,0.110435215,0.037191571,-0.446561897,-0.013655854,0.794447102,0.639824156,0.986436965,PD motor subtypes(cont)
miR-4296,Inverse variance weighted,7,0.214529269,0.102978221,0.037228539,0.012691956,0.416366581,1.239278392,1.012772841,1.516441666,PD motor subtypes(cont)
miR-3124-5p,Inverse variance weighted,7,-0.193947127,0.093237393,0.037512402,-0.376692418,-0.011201837,0.823701454,0.686127082,0.98886067,PD motor subtypes(cont)
miR-1267,Inverse variance weighted,6,-0.187829362,0.09038473,0.03769928,-0.364983434,-0.01067529,0.828756112,0.694208151,0.989381488,PD motor subtypes(cont)
miR-675-3p,Inverse variance weighted,7,-0.199239741,0.096494704,0.038944404,-0.38836936,-0.010110121,0.819353437,0.678161811,0.989940814,PD motor subtypes(cont)
miR-8078,Inverse variance weighted,9,0.172059829,0.083425468,0.039166086,0.008545911,0.335573747,1.187748893,1.008582531,1.39874268,PD motor subtypes(cont)
miR-6828-5p,Inverse variance weighted,3,0.222310812,0.107802019,0.039187384,0.011018855,0.433602769,1.248959509,1.011079787,1.542805896,PD motor subtypes(cont)
miR-378g,Inverse variance weighted,7,0.384138465,0.18731639,0.040291622,0.016998341,0.751278589,1.468348742,1.017143634,2.11970852,PD motor subtypes(cont)
miR-518b,Inverse variance weighted,10,0.144592997,0.071054325,0.04185449,0.00532652,0.283859473,1.155569154,1.005340731,1.328246264,PD motor subtypes(cont)
miR-6825-3p,Inverse variance weighted,8,-0.293873064,0.144587725,0.042104104,-0.577265004,-0.010481123,0.7453711,0.561431782,0.989573612,PD motor subtypes(cont)
miR-149-3p,Inverse variance weighted,3,-0.675577448,0.335840133,0.044261668,-1.333824109,-0.017330788,0.508862494,0.263467803,0.982818526,PD motor subtypes(cont)
miR-20b-3p,Inverse variance weighted,11,-0.120032817,0.059733624,0.044487504,-0.23711072,-0.002954915,0.886891331,0.788903936,0.997049446,PD motor subtypes(cont)
miR-3115,Inverse variance weighted,15,-0.096565766,0.048142138,0.04487257,-0.190924357,-0.002207175,0.907950184,0.826195082,0.997795259,PD motor subtypes(cont)
miR-4780,Inverse variance weighted,10,0.14245869,0.07131818,0.045769944,0.002675057,0.282242322,1.153105445,1.002678638,1.326100025,PD motor subtypes(cont)
miR-3660,Inverse variance weighted,9,0.147759886,0.074077632,0.046079685,0.002567728,0.292952044,1.159234514,1.002571027,1.34037851,PD motor subtypes(cont)
miR-6801-3p,Inverse variance weighted,8,-0.162585533,0.081644732,0.046439332,-0.322609208,-0.002561859,0.849943389,0.724256833,0.99744142,PD motor subtypes(cont)
miR-181a-5p,Inverse variance weighted,8,0.14795266,0.074396967,0.0467352,0.002134604,0.293770716,1.159458007,1.002136884,1.34147629,PD motor subtypes(cont)
miR-129-1-3p,Inverse variance weighted,16,-0.097461428,0.04954761,0.049180232,-0.194574744,-0.000348113,0.907137331,0.823184648,0.999651947,PD motor subtypes(cont)
miR-4451,Inverse variance weighted,6,-0.116219048,0.059116081,0.0493048,-0.232086567,-0.000351529,0.890280188,0.792877484,0.999648533,PD motor subtypes(cont)
miR-1229-5p,Inverse variance weighted,11,0.186057763,0.094821744,0.049741001,0.000207144,0.371908381,1.204491833,1.000207165,1.450500082,PD motor subtypes(cont)
miR-134-5p,Inverse variance weighted,10,-0.244793671,0.124861001,0.049933938,-0.489521234,-6.61E-05,0.782866049,0.612919769,0.999933893,PD motor subtypes(cont)
miR-1587,Inverse variance weighted,6,-0.203951739,0.104046956,0.049973657,-0.407883772,-1.97E-05,0.815501727,0.665056172,0.999980294,PD motor subtypes(cont)
miR-5189-5p,Inverse variance weighted,5,-2.106105394,0.62721141,0.000785406,-3.335439757,-0.876771031,0.121711061,0.035598928,0.416124398,age at onset of PD
miR-6801-5p,Inverse variance weighted,7,-1.654230782,0.54307733,0.002318834,-2.71866235,-0.589799215,0.191239104,0.065962931,0.554438597,age at onset of PD
miR-1910-3p,Inverse variance weighted,8,-1.325238455,0.444369391,0.002861007,-2.196202462,-0.454274448,0.265739585,0.111224738,0.63490846,age at onset of PD
miR-922,Inverse variance weighted,11,-0.902762594,0.303121857,0.002899309,-1.496881433,-0.308643754,0.405448023,0.223827093,0.734442366,age at onset of PD
miR-5090,Inverse variance weighted,14,-0.818236942,0.277604371,0.00320362,-1.36234151,-0.274132374,0.441208846,0.256060506,0.760231434,age at onset of PD
miR-4462,Inverse variance weighted,10,-1.083142025,0.369657748,0.003388298,-1.807671212,-0.358612838,0.338530183,0.164035697,0.698644787,age at onset of PD
miR-4637,Inverse variance weighted,10,0.977825224,0.334691114,0.003482663,0.321830641,1.633819808,2.658667944,1.3796511,5.123407823,age at onset of PD
miR-451a,Inverse variance weighted,5,-2.323013292,0.796910981,0.003556631,-3.884958814,-0.76106777,0.097977904,0.020548675,0.467167333,age at onset of PD
miR-5588-5p,Inverse variance weighted,7,-1.324259528,0.458632824,0.003884317,-2.223179863,-0.425339193,0.265999852,0.108264295,0.653548068,age at onset of PD
miR-4722-5p,Inverse variance weighted,8,1.250717642,0.441322372,0.004596606,0.385725792,2.115709491,3.492848672,1.470681343,8.295469243,age at onset of PD
miR-5692b,Inverse variance weighted,12,0.832127725,0.296440783,0.004999558,0.25110379,1.413151661,2.298203487,1.285443493,4.108884829,age at onset of PD
miR-5089-3p,Inverse variance weighted,4,1.374556124,0.497040607,0.0056839,0.400356535,2.348755713,3.953321548,1.49235668,10.47253078,age at onset of PD
miR-504-5p,Inverse variance weighted,11,0.884371318,0.330039894,0.007371257,0.237493126,1.531249511,2.421461584,1.26806628,4.623950891,age at onset of PD
miR-1289,Inverse variance weighted,4,1.577134322,0.597499467,0.008301429,0.406035367,2.748233277,4.841062988,1.500855632,15.61502009,age at onset of PD
miR-3613-3p,Inverse variance weighted,12,-1.004822438,0.382425083,0.008601449,-1.7543756,-0.255269276,0.366109636,0.173015239,0.77470786,age at onset of PD
miR-765,Inverse variance weighted,11,1.090026211,0.424057197,0.010156069,0.258874106,1.921178317,2.974352033,1.295470702,6.829000456,age at onset of PD
miR-106a-3p,Inverse variance weighted,12,-0.769774339,0.299712433,0.010217614,-1.357210708,-0.18233797,0.463117564,0.257377678,0.833319656,age at onset of PD
miR-192-5p,Inverse variance weighted,9,1.459301481,0.575635055,0.011241018,0.331056774,2.587546188,4.302952785,1.392438845,13.29710295,age at onset of PD
miR-190a-3p,Inverse variance weighted,8,-0.913769362,0.363026355,0.01183292,-1.625301018,-0.202237705,0.401009821,0.19685241,0.816900723,age at onset of PD
miR-384,Inverse variance weighted,11,0.776587068,0.314071694,0.013411817,0.161006548,1.392167589,2.17403974,1.17469266,4.023562035,age at onset of PD
miR-3614-3p,Inverse variance weighted,7,-1.046711067,0.437411037,0.016712652,-1.9040367,-0.189385434,0.351090566,0.148966072,0.827467511,age at onset of PD
miR-4274,Inverse variance weighted,4,2.723205966,1.14526626,0.017416605,0.478484096,4.967927836,15.22906794,1.613626445,143.728749,age at onset of PD
miR-6874-5p,Inverse variance weighted,10,0.813940203,0.348580747,0.019542798,0.130721938,1.497158467,2.256782673,1.139650844,4.468972281,age at onset of PD
miR-6822-3p,Inverse variance weighted,11,-0.814336405,0.35048031,0.020153011,-1.501277812,-0.127394997,0.442933158,0.222845224,0.880385854,age at onset of PD
miR-491-5p,Inverse variance weighted,10,1.191489083,0.519504752,0.021818689,0.173259769,2.209718397,3.29197959,1.189174976,9.11314974,age at onset of PD
miR-6754-3p,Inverse variance weighted,9,-0.804709841,0.350910462,0.02183617,-1.492494347,-0.116925334,0.447217672,0.224811199,0.889651617,age at onset of PD
miR-580-3p,Inverse variance weighted,5,-1.167963464,0.516573299,0.023760308,-2.18044713,-0.155479798,0.310999659,0.112990998,0.85600437,age at onset of PD
miR-4731-5p,Inverse variance weighted,11,0.711881631,0.316131936,0.024331766,0.092263037,1.331500226,2.037822083,1.096653244,3.786720063,age at onset of PD
miR-555,Inverse variance weighted,8,-0.837570706,0.372403927,0.024506641,-1.567482404,-0.107659008,0.43276055,0.208569616,0.897933732,age at onset of PD
miR-223-5p,Inverse variance weighted,11,1.275980871,0.568384385,0.024772885,0.161947477,2.390014266,3.582213378,1.175798483,10.91364963,age at onset of PD
miR-5187-5p,Inverse variance weighted,8,1.02570976,0.457325793,0.024906968,0.129351205,1.922068316,2.789074333,1.138089757,6.835080964,age at onset of PD
miR-2392,Inverse variance weighted,7,-1.187305972,0.533788975,0.026128373,-2.233532363,-0.141079581,0.30504195,0.107149271,0.868420199,age at onset of PD
miR-107,Inverse variance weighted,12,-3.376455727,1.522707014,0.026595537,-6.360961474,-0.391949979,0.034168342,0.001727705,0.675737914,age at onset of PD
miR-3680-5p,Inverse variance weighted,7,-0.873925924,0.394241822,0.026641851,-1.646639894,-0.101211953,0.417310002,0.192696302,0.903741462,age at onset of PD
miR-4471,Inverse variance weighted,10,-0.816021979,0.36897508,0.026994935,-1.539213135,-0.092830822,0.442187191,0.214549857,0.911347667,age at onset of PD
miR-8054,Inverse variance weighted,8,-0.974161593,0.446293161,0.029051717,-1.848896188,-0.099426998,0.377508727,0.157410822,0.90535604,age at onset of PD
miR-1306-3p,Inverse variance weighted,8,1.147344897,0.525738853,0.029083892,0.116896745,2.177793048,3.149818703,1.124003365,8.826804417,age at onset of PD
miR-624-3p,Inverse variance weighted,11,0.714680512,0.327579071,0.029131398,0.072625533,1.35673549,2.043533693,1.075327787,3.883494879,age at onset of PD
miR-3912-5p,Inverse variance weighted,5,2.216504102,1.026867532,0.030888182,0.203843739,4.229164464,9.17519917,1.226106546,68.65984043,age at onset of PD
miR-4268,Inverse variance weighted,15,-0.571321478,0.264949899,0.031057299,-1.090623279,-0.052019677,0.564778603,0.336007002,0.949310188,age at onset of PD
miR-147b,Inverse variance weighted,11,0.795953084,0.370202067,0.031551232,0.070357033,1.521549134,2.21655255,1.07289117,4.579313675,age at onset of PD
miR-3689a-3p,Inverse variance weighted,7,1.059999789,0.494962923,0.032227768,0.089872461,2.030127118,2.886370382,1.094034742,7.61505431,age at onset of PD
miR-6877-3p,Inverse variance weighted,7,1.626011815,0.762536941,0.032976343,0.13143941,3.12058422,5.083560058,1.140468804,22.65961398,age at onset of PD
miR-626,Inverse variance weighted,7,-0.83084306,0.398328659,0.036994664,-1.611567232,-0.050118887,0.435681826,0.199574589,0.951116342,age at onset of PD
miR-3935,Inverse variance weighted,6,-0.856621823,0.411365104,0.037307029,-1.662897427,-0.050346218,0.424594016,0.189588864,0.950900148,age at onset of PD
miR-6726-5p,Inverse variance weighted,7,-1.382318177,0.665174433,0.037697493,-2.686060065,-0.078576288,0.250996025,0.068148913,0.924431534,age at onset of PD
miR-764,Inverse variance weighted,8,-2.039720067,0.983654068,0.038115059,-3.967682041,-0.111758093,0.130065115,0.018917232,0.894260559,age at onset of PD
miR-548ae,Inverse variance weighted,8,1.197583473,0.579014091,0.038610421,0.062715855,2.332451091,3.312103457,1.06472426,10.3031646,age at onset of PD
miR-3675-3p,Inverse variance weighted,7,-0.77995231,0.377290186,0.038710809,-1.519441074,-0.040463546,0.458427873,0.218834165,0.960344172,age at onset of PD
miR-4256,Inverse variance weighted,14,0.641855866,0.310706036,0.038847569,0.032872036,1.250839696,1.900003762,1.033418291,3.493275015,age at onset of PD
miR-4793-3p,Inverse variance weighted,10,-0.93580825,0.45343089,0.039033006,-1.824532794,-0.047083707,0.392268686,0.161292984,0.954007537,age at onset of PD
miR-580-5p,Inverse variance weighted,6,-0.827853042,0.401220285,0.03908053,-1.6142448,-0.041461284,0.436986471,0.199040929,0.959386478,age at onset of PD
miR-192-3p,Inverse variance weighted,7,1.017261998,0.494112533,0.039516677,0.048801433,1.985722563,2.765612136,1.050011832,7.28430886,age at onset of PD
miR-4706,Inverse variance weighted,10,1.594071238,0.7755553,0.039841023,0.07398285,3.114159627,4.923753954,1.076788338,22.51450182,age at onset of PD
miR-660-3p,Inverse variance weighted,6,1.2031022,0.594779558,0.043096874,0.037334266,2.368870134,3.330432582,1.038039944,10.68531249,age at onset of PD
miR-95-3p,Inverse variance weighted,8,-0.924856228,0.458438514,0.043653249,-1.823395716,-0.026316739,0.396588433,0.161476491,0.974026528,age at onset of PD
miR-142-5p,Inverse variance weighted,9,3.610584974,1.790895174,0.043791784,0.100430433,7.120739515,36.98768333,1.105646723,1237.365145,age at onset of PD
miR-3677-5p,Inverse variance weighted,7,0.771924764,0.383512642,0.044138276,0.020239985,1.523609542,2.163927297,1.020446203,4.588758655,age at onset of PD
miR-3649,Inverse variance weighted,7,-0.81678531,0.406138202,0.044314695,-1.612816186,-0.020754434,0.441849784,0.199325485,0.979459457,age at onset of PD
miR-421,Inverse variance weighted,9,0.959890508,0.477456348,0.044386154,0.024076065,1.89570495,2.611410528,1.024368233,6.657239773,age at onset of PD
miR-4742-5p,Inverse variance weighted,3,2.322747412,1.157263116,0.044738592,0.054511705,4.590983119,10.20366951,1.056024837,98.59130949,age at onset of PD
miR-6796-5p,Inverse variance weighted,8,-0.940519593,0.469020983,0.044932849,-1.85980072,-0.021238467,0.390424921,0.155703656,0.978985481,age at onset of PD
miR-4793-5p,Inverse variance weighted,5,-1.52231288,0.759516821,0.045036057,-3.010965849,-0.03365991,0.218206617,0.049244093,0.966900281,age at onset of PD
miR-873-3p,Inverse variance weighted,14,0.553722713,0.276731352,0.045398902,0.011329263,1.096116163,1.739717447,1.011393683,2.992520963,age at onset of PD
miR-3663-5p,Inverse variance weighted,10,-0.953582509,0.477003843,0.045596599,-1.888510042,-0.018654976,0.385357999,0.151297067,0.981517951,age at onset of PD
miR-4293,Inverse variance weighted,11,-0.713822713,0.35738188,0.045785348,-1.414291198,-0.013354228,0.48976837,0.243097861,0.986734544,age at onset of PD
miR-605-5p,Inverse variance weighted,8,-0.88456504,0.446509176,0.047583649,-1.759723026,-0.009407054,0.412893726,0.172092522,0.990637054,age at onset of PD
miR-3941,Inverse variance weighted,8,-0.740468342,0.373808731,0.047605302,-1.473133456,-0.007803229,0.476890515,0.229206151,0.992227138,age at onset of PD
miR-606,Inverse variance weighted,8,0.923391,0.466760619,0.047895243,0.008540188,1.838241813,2.517813838,1.008576759,6.285477497,age at onset of PD
miR-4650-3p,Wald ratio,1,-2.556677019,1.114906832,0.021837904,-4.74189441,-0.371459627,0.07756205,0.008722107,0.689726851,age at onset of PD
miR-761,Inverse variance weighted,8,0.942533398,0.256539764,0.00023876,0.439715461,1.445351336,2.566475093,1.552265475,4.243342719,rate of progression to PD dementia
miR-337-3p,Inverse variance weighted,4,1.291082286,0.360434884,0.000340957,0.584629914,1.997534658,3.636720398,1.794326807,7.370861986,rate of progression to PD dementia
miR-610,Inverse variance weighted,4,1.094501202,0.322075957,0.000678134,0.463232326,1.725770079,2.987692058,1.589202512,5.616844779,rate of progression to PD dementia
miR-4761-3p,Inverse variance weighted,2,1.503135966,0.448403622,0.000801738,0.624264867,2.382007065,4.495765553,1.866873052,10.82661078,rate of progression to PD dementia
miR-4534,Inverse variance weighted,26,-0.774895709,0.232995289,0.000881652,-1.231566477,-0.318224942,0.460751831,0.291835067,0.727439138,rate of progression to PD dementia
miR-6889-3p,Inverse variance weighted,6,0.921426788,0.28002057,0.000999853,0.37258647,1.470267106,2.512873171,1.451483984,4.350397001,rate of progression to PD dementia
miR-6746-5p,Inverse variance weighted,23,-0.392747138,0.121715729,0.001252015,-0.631309968,-0.154184308,0.675199458,0.53189458,0.857114033,rate of progression to PD dementia
miR-6716-3p,Inverse variance weighted,6,1.337147277,0.417390374,0.00135726,0.519062144,2.155232411,3.808164357,1.680450889,8.629895626,rate of progression to PD dementia
miR-6851-5p,Inverse variance weighted,2,-2.075018738,0.668027881,0.001895176,-3.384353384,-0.765684091,0.125554075,0.033899555,0.465015709,rate of progression to PD dementia
miR-4685-5p,Inverse variance weighted,2,1.298597038,0.423112943,0.002146689,0.46929567,2.127898406,3.664152394,1.598867666,8.397200751,rate of progression to PD dementia
miR-6831-3p,Inverse variance weighted,2,-1.21533472,0.396362322,0.002167826,-1.99220487,-0.438464569,0.296610716,0.136394362,0.645026054,rate of progression to PD dementia
miR-654-5p,Inverse variance weighted,11,-0.990160125,0.330770213,0.002757989,-1.638469743,-0.341850506,0.371517197,0.194277109,0.710454405,rate of progression to PD dementia
miR-8052,Inverse variance weighted,3,1.228988843,0.410564705,0.002758781,0.42428202,2.033695665,3.417771883,1.528492599,7.642277532,rate of progression to PD dementia
miR-4500,Inverse variance weighted,3,-1.198076357,0.400943666,0.002806797,-1.983925942,-0.412226773,0.30177416,0.137528248,0.662174096,rate of progression to PD dementia
miR-6841-3p,Inverse variance weighted,4,1.015293373,0.340656838,0.002878729,0.34760597,1.682980775,2.760173038,1.415674322,5.381573346,rate of progression to PD dementia
miR-6875-5p,Inverse variance weighted,15,-0.526270446,0.177638134,0.003050543,-0.874441189,-0.178099703,0.590804303,0.417095032,0.836858982,rate of progression to PD dementia
miR-5702,Inverse variance weighted,4,0.898464826,0.303792685,0.003101515,0.303031163,1.493898488,2.455830088,1.353956657,4.454427246,rate of progression to PD dementia
miR-3915,Inverse variance weighted,6,0.710391048,0.243371764,0.003512077,0.233382391,1.187399705,2.034786802,1.262864295,3.27854493,rate of progression to PD dementia
miR-5706,Inverse variance weighted,3,1.005269547,0.356243172,0.004774552,0.307032931,1.703506163,2.732643749,1.359385733,5.493173631,rate of progression to PD dementia
miR-4800-3p,Inverse variance weighted,10,-0.937952404,0.332725394,0.004817374,-1.590094177,-0.285810631,0.391428503,0.203906407,0.751404895,rate of progression to PD dementia
miR-208a-3p,Inverse variance weighted,3,1.191121421,0.424754426,0.005043238,0.358602745,2.023640097,3.290769477,1.431328086,7.56581517,rate of progression to PD dementia
miR-7161-3p,Inverse variance weighted,3,0.768448165,0.274080596,0.005051509,0.231250197,1.305646133,2.156417253,1.260174493,3.690072603,rate of progression to PD dementia
miR-564,Inverse variance weighted,4,1.105848612,0.401613879,0.005895962,0.318685409,1.893011815,3.021787707,1.375318594,6.639335048,rate of progression to PD dementia
miR-193b-3p,Inverse variance weighted,3,-1.790334831,0.651300563,0.005980271,-3.066883934,-0.513785729,0.166904276,0.046566032,0.598226563,rate of progression to PD dementia
miR-5688,Inverse variance weighted,5,0.723226849,0.268874346,0.007148797,0.196233131,1.250220568,2.061073265,1.216810549,3.491112899,rate of progression to PD dementia
miR-585-3p,Inverse variance weighted,5,0.891465903,0.335828496,0.007941962,0.233242052,1.549689755,2.438701934,1.262687078,4.7100087,rate of progression to PD dementia
miR-219a-2-3p,Inverse variance weighted,5,-0.968429653,0.365944205,0.00813569,-1.685680295,-0.251179011,0.379678798,0.185318318,0.777883109,rate of progression to PD dementia
miR-6865-5p,Inverse variance weighted,4,-1.12659363,0.427540232,0.008412272,-1.964572484,-0.288614776,0.324135504,0.140215818,0.749300799,rate of progression to PD dementia
miR-4668-5p,Inverse variance weighted,3,1.270269778,0.482134578,0.008421692,0.325286004,2.215253552,3.561813332,1.384426541,9.163732299,rate of progression to PD dementia
miR-4463,Inverse variance weighted,12,-0.671510038,0.256236953,0.008775963,-1.173734466,-0.16928561,0.510936461,0.309210048,0.844267738,rate of progression to PD dementia
miR-509-3p,Inverse variance weighted,4,0.861492156,0.336539774,0.010471662,0.2018742,1.521110112,2.36668953,1.223694057,4.577303696,rate of progression to PD dementia
miR-3182,Inverse variance weighted,7,0.610955844,0.239661239,0.010795562,0.141219816,1.080691872,1.842191405,1.151677777,2.946717597,rate of progression to PD dementia
miR-23b-3p,Inverse variance weighted,3,-5.118468349,2.007867827,0.010796856,-9.05388929,-1.183047408,0.005985183,0.000116935,0.30634376,rate of progression to PD dementia
miR-4691-3p,Inverse variance weighted,4,0.684490151,0.269208972,0.011003179,0.156840565,1.212139737,1.98276067,1.169809091,3.360667912,rate of progression to PD dementia
miR-5002-5p,Inverse variance weighted,3,1.007570849,0.396918803,0.011133484,0.229609995,1.785531703,2.73893963,1.258109245,5.962749518,rate of progression to PD dementia
miR-1913,Inverse variance weighted,2,2.702582628,1.065945139,0.011232341,0.613330155,4.7918351,14.9182102,1.846570537,120.5223364,rate of progression to PD dementia
miR-612,Inverse variance weighted,4,0.849180009,0.335260435,0.011312432,0.192069556,1.506290461,2.337729149,1.211754799,4.509969819,rate of progression to PD dementia
miR-128-3p,Inverse variance weighted,10,1.347337342,0.534663739,0.011736436,0.299396414,2.395278269,3.847168186,1.349044297,10.9712506,rate of progression to PD dementia
miR-99b-3p,Inverse variance weighted,2,1.878600263,0.745783586,0.011770147,0.416864434,3.340336092,6.544338095,1.517196818,28.22861252,rate of progression to PD dementia
miR-548ak,Inverse variance weighted,4,-1.889627682,0.754105407,0.012217912,-3.36767428,-0.411581085,0.151128066,0.034469711,0.662601792,rate of progression to PD dementia
miR-510-5p,Inverse variance weighted,6,0.598008641,0.239253581,0.012437704,0.129071622,1.06694566,1.818493918,1.13777161,2.906488526,rate of progression to PD dementia
miR-891b,Inverse variance weighted,4,0.709936821,0.288604991,0.013897922,0.144271039,1.275602602,2.033862756,1.15519717,3.580858594,rate of progression to PD dementia
miR-500b-3p,Inverse variance weighted,4,1.349654116,0.549437735,0.0140326,0.272756155,2.426552077,3.85609154,1.313579896,11.31978497,rate of progression to PD dementia
miR-7113-5p,Inverse variance weighted,3,1.130509759,0.462587669,0.014530171,0.223837927,2.037181591,3.097234942,1.250868271,7.668964435,rate of progression to PD dementia
miR-4279,Inverse variance weighted,4,1.886725829,0.773848672,0.014764405,0.369982432,3.403469226,6.597731177,1.44770918,30.06823282,rate of progression to PD dementia
miR-143-5p,Inverse variance weighted,3,1.709835588,0.701966759,0.014859778,0.333980741,3.085690436,5.528052526,1.396516247,21.88257014,rate of progression to PD dementia
miR-1257,Inverse variance weighted,3,1.294781046,0.532889499,0.015109805,0.250317628,2.339244464,3.650196661,1.284433324,10.37339612,rate of progression to PD dementia
miR-128-1-5p,Inverse variance weighted,3,-1.431566031,0.601740824,0.01735775,-2.610978045,-0.252154016,0.23893445,0.073462659,0.777125039,rate of progression to PD dementia
miR-5572,Inverse variance weighted,3,-1.039060855,0.437509563,0.017551597,-1.896579598,-0.181542112,0.353786783,0.15008108,0.833983124,rate of progression to PD dementia
miR-129-1-3p,Inverse variance weighted,6,0.59227955,0.24959702,0.017646978,0.103069391,1.08148971,1.808105389,1.108568331,2.94906954,rate of progression to PD dementia
miR-6856-3p,Inverse variance weighted,5,-0.759486702,0.321367031,0.018113001,-1.389366083,-0.129607322,0.467906541,0.249233248,0.878440307,rate of progression to PD dementia
miR-8069,Inverse variance weighted,25,-0.349426786,0.148771532,0.018836668,-0.641018988,-0.057834583,0.705092143,0.526755393,0.943806056,rate of progression to PD dementia
miR-624-5p,Inverse variance weighted,6,0.632179975,0.269591975,0.01902958,0.103779703,1.160580246,1.881708187,1.10935604,3.191784761,rate of progression to PD dementia
miR-1294,Inverse variance weighted,7,0.65397965,0.279041324,0.019095265,0.107058655,1.200900645,1.9231792,1.112999535,3.323108516,rate of progression to PD dementia
miR-3116,Inverse variance weighted,2,1.140516868,0.48933223,0.019765924,0.181425696,2.099608039,3.128384908,1.198925449,8.162969719,rate of progression to PD dementia
miR-125a-5p,Inverse variance weighted,6,1.188892507,0.512005971,0.020231396,0.185360803,2.192424211,3.283442802,1.203652643,8.956900229,rate of progression to PD dementia
miR-125a-3p,Inverse variance weighted,7,0.641711789,0.27754025,0.020769994,0.097732898,1.18569068,1.899730034,1.102668221,3.272946598,rate of progression to PD dementia
miR-20b-3p,Inverse variance weighted,2,0.758998113,0.329128567,0.021105941,0.11390612,1.404090105,2.136134981,1.120646914,4.071820125,rate of progression to PD dementia
miR-4477a,Inverse variance weighted,2,-1.078374723,0.470845272,0.022004203,-2.001231457,-0.15551799,0.340147911,0.135168726,0.855971678,rate of progression to PD dementia
miR-765,Inverse variance weighted,4,0.936041411,0.410319073,0.02253351,0.131816029,1.740266793,2.549867536,1.140898408,5.698863638,rate of progression to PD dementia
miR-487a-3p,Inverse variance weighted,2,1.314137722,0.577153306,0.022790401,0.182917242,2.445358203,3.7215406,1.200715035,11.53468061,rate of progression to PD dementia
miR-6817-3p,Inverse variance weighted,8,0.543555649,0.240062777,0.023560406,0.073032607,1.014078691,1.72211924,1.075765614,2.756822341,rate of progression to PD dementia
miR-3161,Inverse variance weighted,3,1.040633139,0.4611603,0.024035955,0.136758951,1.944507326,2.831008868,1.14655174,6.990187126,rate of progression to PD dementia
miR-6733-5p,Inverse variance weighted,2,0.91250495,0.406416012,0.024752183,0.115929567,1.709080333,2.490553438,1.122916779,5.523879011,rate of progression to PD dementia
miR-141-5p,Inverse variance weighted,3,0.840420196,0.376343006,0.025540839,0.102787904,1.578052488,2.31734051,1.108256328,4.84550993,rate of progression to PD dementia
miR-548t-5p,Inverse variance weighted,3,1.167567006,0.523913426,0.025843894,0.14069669,2.194437321,3.214163078,1.151075463,8.974949622,rate of progression to PD dementia
miR-4736,Inverse variance weighted,22,-0.248706279,0.112318258,0.026808173,-0.468850065,-0.028562494,0.779808986,0.625721394,0.971841558,rate of progression to PD dementia
miR-106b-5p,Inverse variance weighted,4,-3.35439518,1.522466307,0.027576148,-6.338429142,-0.370361219,0.03493049,0.001767076,0.690484869,rate of progression to PD dementia
miR-491-3p,Inverse variance weighted,6,0.600438726,0.274387063,0.028648416,0.062640083,1.13823737,1.822918387,1.064643587,3.121261883,rate of progression to PD dementia
miR-6826-5p,Inverse variance weighted,2,0.970175088,0.445933949,0.029584984,0.096144547,1.844205628,2.638406372,1.100918187,6.323074923,rate of progression to PD dementia
miR-4738-3p,Inverse variance weighted,3,0.872883936,0.401923874,0.029873443,0.085113143,1.66065473,2.393804488,1.088840254,5.262755398,rate of progression to PD dementia
miR-4489,Inverse variance weighted,2,1.143688134,0.529558057,0.030795667,0.105754342,2.181621926,3.138321599,1.111548783,8.860665958,rate of progression to PD dementia
miR-1207-5p,Inverse variance weighted,8,-1.37492743,0.637461903,0.031015187,-2.624352761,-0.1255021,0.252857945,0.072486658,0.882053912,rate of progression to PD dementia
miR-604,Inverse variance weighted,6,0.577647397,0.270969088,0.033024659,0.046547985,1.108746809,1.78184153,1.047648349,3.030558145,rate of progression to PD dementia
miR-675-3p,Inverse variance weighted,2,1.218173773,0.571466995,0.033034744,0.098098463,2.338249083,3.381007605,1.103071391,10.36307579,rate of progression to PD dementia
miR-4449,Inverse variance weighted,12,-0.666606211,0.313446349,0.033445055,-1.280961056,-0.052251366,0.513448159,0.277770219,0.949090268,rate of progression to PD dementia
miR-6873-5p,Inverse variance weighted,2,1.310308437,0.616837807,0.033650501,0.101306335,2.519310538,3.707317008,1.106615585,12.42003058,rate of progression to PD dementia
miR-6734-3p,Inverse variance weighted,5,0.792521366,0.373401903,0.033801204,0.060653635,1.524389096,2.208959004,1.062530827,4.592337235,rate of progression to PD dementia
miR-7973,Inverse variance weighted,3,0.871785645,0.41170946,0.034219317,0.064835102,1.678736187,2.391176836,1.066983067,5.358779196,rate of progression to PD dementia
miR-877-5p,Inverse variance weighted,3,1.474520489,0.69963979,0.035070595,0.1032265,2.845814478,4.368940314,1.10874251,17.21557466,rate of progression to PD dementia
miR-3944-5p,Inverse variance weighted,6,0.592861086,0.281794606,0.03538921,0.040543659,1.145178514,1.809157173,1.041376774,3.143002376,rate of progression to PD dementia
miR-885-3p,Inverse variance weighted,4,1.180811203,0.561384456,0.035431575,0.08049767,2.281124736,3.257015232,1.083826321,9.78768278,rate of progression to PD dementia
miR-8077,Inverse variance weighted,3,0.924294614,0.439851069,0.035607548,0.062186518,1.786402711,2.520089998,1.064160812,5.967945379,rate of progression to PD dementia
miR-495-5p,Inverse variance weighted,5,0.802102742,0.382949399,0.036211925,0.05152192,1.552683565,2.230225591,1.052872265,4.724130697,rate of progression to PD dementia
miR-7156-5p,Inverse variance weighted,4,0.575012092,0.274872716,0.036445556,0.036261568,1.113762615,1.777152016,1.036927038,3.045797024,rate of progression to PD dementia
miR-1178-5p,Inverse variance weighted,3,1.209287559,0.579728098,0.036982569,0.073020488,2.34555463,3.351096344,1.075752577,10.43906094,rate of progression to PD dementia
miR-4724-3p,Inverse variance weighted,4,0.623096913,0.298775299,0.037023627,0.037497326,1.208696499,1.864693903,1.038209221,3.349116231,rate of progression to PD dementia
miR-519b-3p,Inverse variance weighted,5,0.789111635,0.380552833,0.038117139,0.043228082,1.534995188,2.201439875,1.044176026,4.641303195,rate of progression to PD dementia
miR-4694-5p,Inverse variance weighted,2,0.879831934,0.424400555,0.038161408,0.048006846,1.711657022,2.41049455,1.049177837,5.538130685,rate of progression to PD dementia
miR-583,Inverse variance weighted,3,-0.991688577,0.478561464,0.038244162,-1.929669048,-0.053708107,0.370949784,0.145196244,0.947708696,rate of progression to PD dementia
miR-154-5p,Inverse variance weighted,4,1.426133472,0.692769788,0.039532907,0.068304688,2.783962256,4.16257333,1.070691486,16.18301533,rate of progression to PD dementia
miR-425-5p,Inverse variance weighted,2,5.630005965,2.74230599,0.040070747,0.255086224,11.00492571,278.6637799,1.290572894,60169.79171,rate of progression to PD dementia
miR-618,Inverse variance weighted,5,0.575991628,0.281122249,0.040471807,0.02499202,1.126991236,1.778893653,1.025306938,3.086356398,rate of progression to PD dementia
miR-6805-5p,Inverse variance weighted,4,-0.789977716,0.38757777,0.041525627,-1.549630146,-0.030325286,0.453854909,0.212326489,0.970129912,rate of progression to PD dementia
miR-4465,Inverse variance weighted,3,0.929718475,0.45659082,0.041728463,0.034800469,1.824636481,2.533795751,1.035413091,6.200540598,rate of progression to PD dementia
miR-4664-5p,Inverse variance weighted,7,0.461803284,0.227179148,0.042075619,0.016532155,0.907074414,1.586933098,1.016669567,2.477065055,rate of progression to PD dementia
miR-4737,Inverse variance weighted,4,-0.79686534,0.392844688,0.042514463,-1.566840929,-0.026889752,0.450739667,0.208703451,0.973468559,rate of progression to PD dementia
miR-3193,Inverse variance weighted,2,0.964671224,0.478811279,0.043933872,0.026201117,1.903141332,2.623924832,1.026547384,6.706930079,rate of progression to PD dementia
miR-4432,Inverse variance weighted,2,-1.202879266,0.597158128,0.043973891,-2.373309196,-0.032449336,0.300328241,0.093171892,0.968071495,rate of progression to PD dementia
miR-224-3p,Inverse variance weighted,5,0.683927472,0.339605016,0.044020983,0.01830164,1.349553304,1.981645325,1.018470141,3.855702818,rate of progression to PD dementia
miR-6501-5p,Inverse variance weighted,2,1.287345726,0.64110751,0.044642986,0.030775006,2.543916445,3.623156929,1.031253452,12.72942758,rate of progression to PD dementia
miR-4536-5p,Inverse variance weighted,7,0.580429462,0.289487128,0.044960177,0.013034691,1.147824233,1.786805632,1.013120013,3.151328888,rate of progression to PD dementia
miR-6734-5p,Inverse variance weighted,3,-0.851968564,0.424985279,0.044994984,-1.684939711,-0.018997418,0.426574366,0.185455613,0.981181896,rate of progression to PD dementia
miR-4646-5p,Inverse variance weighted,4,0.901843997,0.454338182,0.047148707,0.011341161,1.792346834,2.464142797,1.011405716,6.003525224,rate of progression to PD dementia
miR-4636,Inverse variance weighted,5,0.546358413,0.276581646,0.048223171,0.004258387,1.088458439,1.726952704,1.004267466,2.969692578,rate of progression to PD dementia
miR-216a-5p,Inverse variance weighted,6,0.681568011,0.345148685,0.048301248,0.005076588,1.358059435,1.976975223,1.005089496,3.888639815,rate of progression to PD dementia
miR-889-3p,Inverse variance weighted,3,-0.962328681,0.488711337,0.048939921,-1.920202901,-0.00445446,0.382002288,0.146577218,0.995555446,rate of progression to PD dementia
miR-362-5p,Inverse variance weighted,3,1.15403202,0.58749703,0.049493023,0.002537841,2.305526198,3.170952512,1.002541064,10.02945435,rate of progression to PD dementia
miR-376b-3p,Wald ratio,1,-3.118530885,0.959098497,0.001147885,-4.99836394,-1.23869783,0.044222088,0.00674898,0.289761291,rate of progression to PD dementia
miR-22-3p,Wald ratio,1,8.6312146,3.212712398,0.007218727,2.334298301,14.9281309,5603.880596,10.3222143,3042319.877,rate of progression to PD dementia
miR-224-5p,Wald ratio,1,1.459910029,0.54882244,0.007812276,0.384218047,2.535602011,4.305572135,1.468465601,12.62402837,rate of progression to PD dementia
miR-4789-5p,Wald ratio,1,1.692067736,0.640819964,0.008279042,0.436060606,2.948074866,5.430698355,1.546602525,19.06920759,rate of progression to PD dementia
miR-4329,Wald ratio,1,1.772459893,0.687165775,0.009897858,0.425614973,3.119304813,5.88531281,1.530531366,22.63064164,rate of progression to PD dementia
miR-601,Wald ratio,1,1.565891473,0.616422624,0.011076097,0.357703129,2.774079816,4.786940462,1.43004102,16.0238753,rate of progression to PD dementia
miR-4689,Wald ratio,1,-2.697183099,1.11443662,0.01551107,-4.881478873,-0.512887324,0.067395091,0.007585787,0.598764254,rate of progression to PD dementia
miR-5586-5p,Wald ratio,1,-1.855734767,0.77688172,0.016908257,-3.378422939,-0.333046595,0.156338028,0.034101192,0.716736797,rate of progression to PD dementia
miR-3652,Wald ratio,1,-2.098619329,0.905325444,0.020444822,-3.873057199,-0.32418146,0.122625617,0.020794699,0.723119014,rate of progression to PD dementia
miR-1976,Wald ratio,1,-2.867498515,1.317290553,0.029494335,-5.449387998,-0.285609031,0.056840936,0.004298935,0.751556393,rate of progression to PD dementia
miR-6833-5p,Wald ratio,1,1.846102151,0.855510753,0.030936017,0.169301075,3.522903226,6.335078154,1.184476702,33.88265481,rate of progression to PD dementia
miR-4672,Wald ratio,1,1.515151515,0.70414673,0.031416626,0.135023923,2.895279107,4.550110485,1.144564166,18.08854937,rate of progression to PD dementia
miR-135b-3p,Wald ratio,1,-1.494327391,0.708265802,0.034872156,-2.882528363,-0.106126418,0.224399487,0.055993013,0.899310952,rate of progression to PD dementia
miR-449a,Wald ratio,1,1.827542641,0.884396715,0.03878803,0.094125079,3.560960202,6.218586565,1.098697161,35.19697714,rate of progression to PD dementia
miR-658,Wald ratio,1,-4.053834808,1.986725664,0.041304503,-7.947817109,-0.159852507,0.017355691,0.000353433,0.852269483,rate of progression to PD dementia
miR-1273e,Wald ratio,1,-5.350457118,2.644754027,0.043068481,-10.53417501,-0.166739225,0.004745981,2.66E-05,0.846420308,rate of progression to PD dementia
miR-1273d,Wald ratio,1,5.76703192,2.863268223,0.043994512,0.155026203,11.37903764,319.5877615,1.167688558,87468.81746,rate of progression to PD dementia
miR-133a-3p,Wald ratio,1,1.510011507,0.764556962,0.04826644,0.011479862,3.008543153,4.526782886,1.011546008,20.25786581,rate of progression to PD dementia
